'Elapsed time','ECG'
'hh:mm:ss.mmm','mV'
'1:00.000',0.140
'1:00.010',0.170
'1:00.020',0.215
'1:00.030',0.245
'1:00.040',0.250
'1:00.050',0.240
'1:00.060',0.240
'1:00.070',0.255
'1:00.080',0.230
'1:00.090',0.180
'1:00.100',0.130
'1:00.110',0.090
'1:00.120',0.025
'1:00.130',0.000
'1:00.140',-0.005
'1:00.150',-0.020
'1:00.160',-0.025
'1:00.170',-0.030
'1:00.180',-0.005
'1:00.190',-0.020
'1:00.200',-0.020
'1:00.210',-0.020
'1:00.220',-0.025
'1:00.230',-0.010
'1:00.240',-0.010
'1:00.250',-0.020
'1:00.260',-0.035
'1:00.270',-0.045
'1:00.280',-0.045
'1:00.290',-0.045
'1:00.300',-0.040
'1:00.310',-0.055
'1:00.320',-0.075
'1:00.330',-0.085
'1:00.340',-0.075
'1:00.350',-0.060
'1:00.360',-0.085
'1:00.370',-0.080
'1:00.380',-0.100
'1:00.390',-0.070
'1:00.400',-0.085
'1:00.410',-0.075
'1:00.420',-0.085
'1:00.430',-0.080
'1:00.440',-0.090
'1:00.450',-0.085
'1:00.460',-0.105
'1:00.470',-0.080
'1:00.480',-0.080
'1:00.490',-0.010
'1:00.500',0.020
'1:00.510',0.025
'1:00.520',0.105
'1:00.530',0.165
'1:00.540',0.115
'1:00.550',0.020
'1:00.560',-0.035
'1:00.570',-0.035
'1:00.580',-0.165
'1:00.590',-0.190
'1:00.600',-0.210
'1:00.610',-0.190
'1:00.620',-0.220
'1:00.630',-0.190
'1:00.640',0.195
'1:00.650',1.070
'1:00.660',1.700
'1:00.670',0.340
'1:00.680',-0.575
'1:00.690',-0.715
'1:00.700',-0.475
'1:00.710',-0.200
'1:00.720',-0.180
'1:00.730',-0.165
'1:00.740',-0.180
'1:00.750',-0.145
'1:00.760',-0.125
'1:00.770',-0.125
'1:00.780',-0.115
'1:00.790',-0.095
'1:00.800',-0.085
'1:00.810',-0.050
'1:00.820',-0.030
'1:00.830',-0.010
'1:00.840',0.005
'1:00.850',0.065
'1:00.860',0.090
'1:00.870',0.130
'1:00.880',0.175
'1:00.890',0.235
'1:00.900',0.230
'1:00.910',0.255
'1:00.920',0.265
'1:00.930',0.290
'1:00.940',0.255
'1:00.950',0.245
'1:00.960',0.200
'1:00.970',0.150
'1:00.980',0.085
'1:00.990',0.040
'1:01.000',0.025
'1:01.010',-0.010
'1:01.020',-0.010
'1:01.030',-0.035
'1:01.040',-0.030
'1:01.050',-0.020
'1:01.060',-0.020
'1:01.070',-0.015
'1:01.080',-0.020
'1:01.090',-0.015
'1:01.100',-0.025
'1:01.110',-0.020
'1:01.120',-0.020
'1:01.130',-0.020
'1:01.140',-0.045
'1:01.150',-0.055
'1:01.160',-0.050
'1:01.170',-0.080
'1:01.180',-0.060
'1:01.190',-0.055
'1:01.200',-0.060
'1:01.210',-0.095
'1:01.220',-0.095
'1:01.230',-0.075
'1:01.240',-0.075
'1:01.250',-0.070
'1:01.260',-0.075
'1:01.270',-0.065
'1:01.280',-0.050
'1:01.290',-0.085
'1:01.300',-0.095
'1:01.310',-0.080
'1:01.320',-0.080
'1:01.330',-0.085
'1:01.340',-0.100
'1:01.350',-0.085
'1:01.360',-0.080
'1:01.370',-0.085
'1:01.380',-0.090
'1:01.390',-0.085
'1:01.400',-0.050
'1:01.410',0.010
'1:01.420',0.045
'1:01.430',0.065
'1:01.440',0.165
'1:01.450',0.110
'1:01.460',0.035
'1:01.470',-0.020
'1:01.480',-0.040
'1:01.490',-0.130
'1:01.500',-0.200
'1:01.510',-0.200
'1:01.520',-0.170
'1:01.530',-0.225
'1:01.540',-0.245
'1:01.550',0.070
'1:01.560',0.895
'1:01.570',1.545
'1:01.580',0.695
'1:01.590',-0.380
'1:01.600',-0.745
'1:01.610',-0.530
'1:01.620',-0.265
'1:01.630',-0.180
'1:01.640',-0.150
'1:01.650',-0.180
'1:01.660',-0.150
'1:01.670',-0.150
'1:01.680',-0.130
'1:01.690',-0.135
'1:01.700',-0.075
'1:01.710',-0.090
'1:01.720',-0.055
'1:01.730',-0.035
'1:01.740',-0.030
'1:01.750',0.020
'1:01.760',0.025
'1:01.770',0.075
'1:01.780',0.115
'1:01.790',0.160
'1:01.800',0.195
'1:01.810',0.225
'1:01.820',0.255
'1:01.830',0.255
'1:01.840',0.255
'1:01.850',0.255
'1:01.860',0.255
'1:01.870',0.190
'1:01.880',0.170
'1:01.890',0.090
'1:01.900',0.060
'1:01.910',0.025
'1:01.920',0.000
'1:01.930',-0.010
'1:01.940',-0.030
'1:01.950',-0.035
'1:01.960',-0.030
'1:01.970',-0.015
'1:01.980',-0.010
'1:01.990',-0.035
'1:02.000',0.000
'1:02.010',-0.005
'1:02.020',-0.030
'1:02.030',-0.030
'1:02.040',-0.025
'1:02.050',-0.030
'1:02.060',-0.055
'1:02.070',-0.040
'1:02.080',-0.060
'1:02.090',-0.050
'1:02.100',-0.080
'1:02.110',-0.070
'1:02.120',-0.085
'1:02.130',-0.065
'1:02.140',-0.065
'1:02.150',-0.070
'1:02.160',-0.085
'1:02.170',-0.080
'1:02.180',-0.080
'1:02.190',-0.095
'1:02.200',-0.095
'1:02.210',-0.085
'1:02.220',-0.105
'1:02.230',-0.105
'1:02.240',-0.110
'1:02.250',-0.090
'1:02.260',-0.120
'1:02.270',-0.095
'1:02.280',-0.095
'1:02.290',-0.035
'1:02.300',0.015
'1:02.310',0.025
'1:02.320',0.130
'1:02.330',0.155
'1:02.340',0.075
'1:02.350',0.010
'1:02.360',-0.045
'1:02.370',-0.080
'1:02.380',-0.190
'1:02.390',-0.175
'1:02.400',-0.235
'1:02.410',-0.185
'1:02.420',-0.230
'1:02.430',-0.170
'1:02.440',0.300
'1:02.450',1.180
'1:02.460',1.675
'1:02.470',0.140
'1:02.480',-0.715
'1:02.490',-0.720
'1:02.500',-0.455
'1:02.510',-0.175
'1:02.520',-0.175
'1:02.530',-0.160
'1:02.540',-0.155
'1:02.550',-0.135
'1:02.560',-0.150
'1:02.570',-0.100
'1:02.580',-0.085
'1:02.590',-0.075
'1:02.600',-0.060
'1:02.610',-0.045
'1:02.620',-0.035
'1:02.630',0.020
'1:02.640',0.035
'1:02.650',0.060
'1:02.660',0.115
'1:02.670',0.150
'1:02.680',0.190
'1:02.690',0.235
'1:02.700',0.255
'1:02.710',0.270
'1:02.720',0.265
'1:02.730',0.280
'1:02.740',0.265
'1:02.750',0.235
'1:02.760',0.180
'1:02.770',0.140
'1:02.780',0.075
'1:02.790',0.040
'1:02.800',0.000
'1:02.810',-0.010
'1:02.820',-0.010
'1:02.830',-0.035
'1:02.840',-0.030
'1:02.850',-0.030
'1:02.860',-0.015
'1:02.870',-0.040
'1:02.880',-0.030
'1:02.890',0.000
'1:02.900',-0.025
'1:02.910',-0.035
'1:02.920',-0.035
'1:02.930',-0.035
'1:02.940',-0.055
'1:02.950',-0.050
'1:02.960',-0.050
'1:02.970',-0.070
'1:02.980',-0.065
'1:02.990',-0.065
'1:03.000',-0.080
'1:03.010',-0.070
'1:03.020',-0.090
'1:03.030',-0.090
'1:03.040',-0.075
'1:03.050',-0.085
'1:03.060',-0.085
'1:03.070',-0.095
'1:03.080',-0.095
'1:03.090',-0.090
'1:03.100',-0.105
'1:03.110',-0.085
'1:03.120',-0.110
'1:03.130',-0.090
'1:03.140',-0.120
'1:03.150',-0.095
'1:03.160',-0.075
'1:03.170',0.000
'1:03.180',0.015
'1:03.190',0.030
'1:03.200',0.150
'1:03.210',0.120
'1:03.220',0.050
'1:03.230',0.000
'1:03.240',-0.040
'1:03.250',-0.095
'1:03.260',-0.205
'1:03.270',-0.205
'1:03.280',-0.210
'1:03.290',-0.205
'1:03.300',-0.240
'1:03.310',-0.110
'1:03.320',0.430
'1:03.330',1.275
'1:03.340',1.605
'1:03.350',0.000
'1:03.360',-0.795
'1:03.370',-0.650
'1:03.380',-0.405
'1:03.390',-0.160
'1:03.400',-0.165
'1:03.410',-0.160
'1:03.420',-0.160
'1:03.430',-0.145
'1:03.440',-0.155
'1:03.450',-0.110
'1:03.460',-0.090
'1:03.470',-0.090
'1:03.480',-0.065
'1:03.490',-0.025
'1:03.500',-0.010
'1:03.510',0.020
'1:03.520',0.015
'1:03.530',0.070
'1:03.540',0.110
'1:03.550',0.190
'1:03.560',0.200
'1:03.570',0.250
'1:03.580',0.270
'1:03.590',0.275
'1:03.600',0.295
'1:03.610',0.290
'1:03.620',0.260
'1:03.630',0.235
'1:03.640',0.195
'1:03.650',0.140
'1:03.660',0.070
'1:03.670',0.050
'1:03.680',0.035
'1:03.690',-0.005
'1:03.700',-0.015
'1:03.710',-0.015
'1:03.720',-0.020
'1:03.730',-0.020
'1:03.740',-0.015
'1:03.750',-0.025
'1:03.760',-0.020
'1:03.770',-0.020
'1:03.780',-0.020
'1:03.790',-0.020
'1:03.800',-0.035
'1:03.810',-0.035
'1:03.820',-0.030
'1:03.830',-0.045
'1:03.840',-0.055
'1:03.850',-0.050
'1:03.860',-0.055
'1:03.870',-0.065
'1:03.880',-0.070
'1:03.890',-0.075
'1:03.900',-0.080
'1:03.910',-0.090
'1:03.920',-0.090
'1:03.930',-0.110
'1:03.940',-0.060
'1:03.950',-0.100
'1:03.960',-0.075
'1:03.970',-0.090
'1:03.980',-0.080
'1:03.990',-0.085
'1:04.000',-0.110
'1:04.010',-0.095
'1:04.020',-0.070
'1:04.030',-0.080
'1:04.040',-0.090
'1:04.050',-0.105
'1:04.060',0.015
'1:04.070',0.010
'1:04.080',0.030
'1:04.090',0.125
'1:04.100',0.145
'1:04.110',0.100
'1:04.120',0.025
'1:04.130',-0.055
'1:04.140',-0.060
'1:04.150',-0.165
'1:04.160',-0.190
'1:04.170',-0.220
'1:04.180',-0.185
'1:04.190',-0.235
'1:04.200',-0.175
'1:04.210',0.275
'1:04.220',1.185
'1:04.230',1.720
'1:04.240',0.175
'1:04.250',-0.690
'1:04.260',-0.715
'1:04.270',-0.460
'1:04.280',-0.185
'1:04.290',-0.160
'1:04.300',-0.165
'1:04.310',-0.135
'1:04.320',-0.110
'1:04.330',-0.140
'1:04.340',-0.110
'1:04.350',-0.100
'1:04.360',-0.060
'1:04.370',-0.060
'1:04.380',-0.040
'1:04.390',-0.005
'1:04.400',0.005
'1:04.410',0.005
'1:04.420',0.080
'1:04.430',0.095
'1:04.440',0.145
'1:04.450',0.175
'1:04.460',0.225
'1:04.470',0.245
'1:04.480',0.250
'1:04.490',0.245
'1:04.500',0.275
'1:04.510',0.250
'1:04.520',0.235
'1:04.530',0.200
'1:04.540',0.140
'1:04.550',0.085
'1:04.560',0.035
'1:04.570',0.015
'1:04.580',-0.025
'1:04.590',-0.015
'1:04.600',-0.020
'1:04.610',-0.055
'1:04.620',-0.020
'1:04.630',-0.045
'1:04.640',-0.015
'1:04.650',-0.035
'1:04.660',-0.020
'1:04.670',-0.025
'1:04.680',-0.030
'1:04.690',-0.050
'1:04.700',-0.040
'1:04.710',-0.020
'1:04.720',-0.065
'1:04.730',-0.080
'1:04.740',-0.070
'1:04.750',-0.050
'1:04.760',-0.085
'1:04.770',-0.075
'1:04.780',-0.075
'1:04.790',-0.080
'1:04.800',-0.085
'1:04.810',-0.100
'1:04.820',-0.080
'1:04.830',-0.105
'1:04.840',-0.095
'1:04.850',-0.120
'1:04.860',-0.070
'1:04.870',-0.110
'1:04.880',-0.110
'1:04.890',-0.075
'1:04.900',-0.025
'1:04.910',0.020
'1:04.920',0.015
'1:04.930',0.105
'1:04.940',0.195
'1:04.950',0.110
'1:04.960',0.040
'1:04.970',-0.025
'1:04.980',-0.015
'1:04.990',-0.160
'1:05.000',-0.185
'1:05.010',-0.230
'1:05.020',-0.190
'1:05.030',-0.170
'1:05.040',-0.265
'1:05.050',0.090
'1:05.060',0.950
'1:05.070',1.615
'1:05.080',0.615
'1:05.090',-0.445
'1:05.100',-0.755
'1:05.110',-0.555
'1:05.120',-0.265
'1:05.130',-0.185
'1:05.140',-0.175
'1:05.150',-0.165
'1:05.160',-0.155
'1:05.170',-0.165
'1:05.180',-0.120
'1:05.190',-0.105
'1:05.200',-0.075
'1:05.210',-0.075
'1:05.220',-0.055
'1:05.230',-0.030
'1:05.240',0.000
'1:05.250',0.000
'1:05.260',0.065
'1:05.270',0.100
'1:05.280',0.150
'1:05.290',0.170
'1:05.300',0.185
'1:05.310',0.255
'1:05.320',0.255
'1:05.330',0.245
'1:05.340',0.275
'1:05.350',0.270
'1:05.360',0.245
'1:05.370',0.195
'1:05.380',0.165
'1:05.390',0.100
'1:05.400',0.035
'1:05.410',0.000
'1:05.420',0.000
'1:05.430',-0.030
'1:05.440',-0.035
'1:05.450',-0.050
'1:05.460',-0.040
'1:05.470',-0.015
'1:05.480',-0.035
'1:05.490',-0.015
'1:05.500',-0.040
'1:05.510',-0.035
'1:05.520',-0.030
'1:05.530',-0.040
'1:05.540',-0.040
'1:05.550',-0.065
'1:05.560',-0.060
'1:05.570',-0.055
'1:05.580',-0.070
'1:05.590',-0.085
'1:05.600',-0.075
'1:05.610',-0.090
'1:05.620',-0.090
'1:05.630',-0.090
'1:05.640',-0.095
'1:05.650',-0.075
'1:05.660',-0.100
'1:05.670',-0.115
'1:05.680',-0.110
'1:05.690',-0.095
'1:05.700',-0.095
'1:05.710',-0.085
'1:05.720',-0.095
'1:05.730',-0.060
'1:05.740',0.005
'1:05.750',0.010
'1:05.760',0.090
'1:05.770',0.165
'1:05.780',0.115
'1:05.790',0.020
'1:05.800',-0.020
'1:05.810',-0.060
'1:05.820',-0.140
'1:05.830',-0.210
'1:05.840',-0.220
'1:05.850',-0.200
'1:05.860',-0.220
'1:05.870',-0.250
'1:05.880',0.045
'1:05.890',0.825
'1:05.900',1.530
'1:05.910',0.890
'1:05.920',-0.325
'1:05.930',-0.780
'1:05.940',-0.550
'1:05.950',-0.300
'1:05.960',-0.185
'1:05.970',-0.160
'1:05.980',-0.170
'1:05.990',-0.155
'1:06.000',-0.145
'1:06.010',-0.120
'1:06.020',-0.105
'1:06.030',-0.110
'1:06.040',-0.075
'1:06.050',-0.040
'1:06.060',-0.040
'1:06.070',0.005
'1:06.080',0.020
'1:06.090',0.070
'1:06.100',0.095
'1:06.110',0.130
'1:06.120',0.180
'1:06.130',0.205
'1:06.140',0.250
'1:06.150',0.270
'1:06.160',0.285
'1:06.170',0.285
'1:06.180',0.285
'1:06.190',0.275
'1:06.200',0.225
'1:06.210',0.155
'1:06.220',0.120
'1:06.230',0.070
'1:06.240',0.000
'1:06.250',-0.005
'1:06.260',-0.005
'1:06.270',-0.005
'1:06.280',-0.005
'1:06.290',-0.030
'1:06.300',-0.030
'1:06.310',-0.020
'1:06.320',0.005
'1:06.330',-0.020
'1:06.340',-0.025
'1:06.350',0.000
'1:06.360',-0.030
'1:06.370',-0.045
'1:06.380',-0.035
'1:06.390',-0.030
'1:06.400',-0.070
'1:06.410',-0.075
'1:06.420',-0.065
'1:06.430',-0.080
'1:06.440',-0.065
'1:06.450',-0.090
'1:06.460',-0.070
'1:06.470',-0.095
'1:06.480',-0.090
'1:06.490',-0.100
'1:06.500',-0.090
'1:06.510',-0.070
'1:06.520',-0.080
'1:06.530',-0.110
'1:06.540',-0.090
'1:06.550',-0.055
'1:06.560',-0.035
'1:06.570',0.020
'1:06.580',0.025
'1:06.590',0.090
'1:06.600',0.175
'1:06.610',0.115
'1:06.620',0.030
'1:06.630',-0.005
'1:06.640',-0.045
'1:06.650',-0.150
'1:06.660',-0.195
'1:06.670',-0.215
'1:06.680',-0.200
'1:06.690',-0.195
'1:06.700',-0.235
'1:06.710',0.060
'1:06.720',0.850
'1:06.730',1.530
'1:06.740',0.890
'1:06.750',-0.320
'1:06.760',-0.780
'1:06.770',-0.525
'1:06.780',-0.260
'1:06.790',-0.165
'1:06.800',-0.165
'1:06.810',-0.175
'1:06.820',-0.150
'1:06.830',-0.135
'1:06.840',-0.125
'1:06.850',-0.090
'1:06.860',-0.090
'1:06.870',-0.085
'1:06.880',-0.055
'1:06.890',-0.030
'1:06.900',0.000
'1:06.910',0.020
'1:06.920',0.075
'1:06.930',0.085
'1:06.940',0.130
'1:06.950',0.185
'1:06.960',0.225
'1:06.970',0.255
'1:06.980',0.265
'1:06.990',0.265
'1:07.000',0.280
'1:07.010',0.270
'1:07.020',0.255
'1:07.030',0.195
'1:07.040',0.165
'1:07.050',0.115
'1:07.060',0.060
'1:07.070',0.035
'1:07.080',0.015
'1:07.090',-0.005
'1:07.100',-0.030
'1:07.110',-0.025
'1:07.120',-0.015
'1:07.130',-0.010
'1:07.140',0.000
'1:07.150',-0.015
'1:07.160',-0.005
'1:07.170',-0.010
'1:07.180',-0.005
'1:07.190',-0.015
'1:07.200',-0.010
'1:07.210',-0.025
'1:07.220',-0.030
'1:07.230',-0.035
'1:07.240',-0.040
'1:07.250',-0.060
'1:07.260',-0.045
'1:07.270',-0.055
'1:07.280',-0.065
'1:07.290',-0.070
'1:07.300',-0.070
'1:07.310',-0.075
'1:07.320',-0.080
'1:07.330',-0.075
'1:07.340',-0.080
'1:07.350',-0.085
'1:07.360',-0.090
'1:07.370',-0.085
'1:07.380',-0.075
'1:07.390',-0.080
'1:07.400',-0.065
'1:07.410',-0.080
'1:07.420',-0.075
'1:07.430',-0.090
'1:07.440',-0.080
'1:07.450',-0.085
'1:07.460',-0.090
'1:07.470',-0.080
'1:07.480',-0.005
'1:07.490',0.035
'1:07.500',0.035
'1:07.510',0.115
'1:07.520',0.155
'1:07.530',0.100
'1:07.540',0.020
'1:07.550',-0.050
'1:07.560',-0.035
'1:07.570',-0.140
'1:07.580',-0.180
'1:07.590',-0.215
'1:07.600',-0.190
'1:07.610',-0.190
'1:07.620',-0.205
'1:07.630',0.115
'1:07.640',0.990
'1:07.650',1.680
'1:07.660',0.540
'1:07.670',-0.525
'1:07.680',-0.680
'1:07.690',-0.430
'1:07.700',-0.190
'1:07.710',-0.165
'1:07.720',-0.160
'1:07.730',-0.180
'1:07.740',-0.155
'1:07.750',-0.150
'1:07.760',-0.140
'1:07.770',-0.125
'1:07.780',-0.100
'1:07.790',-0.105
'1:07.800',-0.060
'1:07.810',-0.040
'1:07.820',0.000
'1:07.830',0.005
'1:07.840',0.025
'1:07.850',0.060
'1:07.860',0.105
'1:07.870',0.155
'1:07.880',0.185
'1:07.890',0.205
'1:07.900',0.245
'1:07.910',0.245
'1:07.920',0.265
'1:07.930',0.265
'1:07.940',0.220
'1:07.950',0.185
'1:07.960',0.150
'1:07.970',0.115
'1:07.980',0.070
'1:07.990',0.015
'1:08.000',-0.005
'1:08.010',-0.020
'1:08.020',-0.030
'1:08.030',-0.015
'1:08.040',0.000
'1:08.050',-0.025
'1:08.060',-0.035
'1:08.070',-0.015
'1:08.080',-0.005
'1:08.090',-0.045
'1:08.100',-0.030
'1:08.110',-0.035
'1:08.120',-0.025
'1:08.130',-0.050
'1:08.140',-0.035
'1:08.150',-0.045
'1:08.160',-0.055
'1:08.170',-0.065
'1:08.180',-0.065
'1:08.190',-0.080
'1:08.200',-0.060
'1:08.210',-0.075
'1:08.220',-0.085
'1:08.230',-0.080
'1:08.240',-0.075
'1:08.250',-0.075
'1:08.260',-0.075
'1:08.270',-0.100
'1:08.280',-0.090
'1:08.290',-0.095
'1:08.300',-0.085
'1:08.310',-0.100
'1:08.320',-0.085
'1:08.330',-0.095
'1:08.340',-0.075
'1:08.350',-0.050
'1:08.360',0.000
'1:08.370',0.030
'1:08.380',0.055
'1:08.390',0.170
'1:08.400',0.145
'1:08.410',0.075
'1:08.420',-0.005
'1:08.430',-0.025
'1:08.440',-0.085
'1:08.450',-0.200
'1:08.460',-0.205
'1:08.470',-0.195
'1:08.480',-0.180
'1:08.490',-0.245
'1:08.500',-0.065
'1:08.510',0.420
'1:08.520',1.180
'1:08.530',1.445
'1:08.540',-0.010
'1:08.550',-0.765
'1:08.560',-0.675
'1:08.570',-0.410
'1:08.580',-0.175
'1:08.590',-0.170
'1:08.600',-0.130
'1:08.610',-0.140
'1:08.620',-0.130
'1:08.630',-0.150
'1:08.640',-0.115
'1:08.650',-0.100
'1:08.660',-0.060
'1:08.670',-0.045
'1:08.680',-0.045
'1:08.690',-0.050
'1:08.700',0.010
'1:08.710',0.035
'1:08.720',0.070
'1:08.730',0.110
'1:08.740',0.155
'1:08.750',0.165
'1:08.760',0.185
'1:08.770',0.225
'1:08.780',0.260
'1:08.790',0.235
'1:08.800',0.255
'1:08.810',0.215
'1:08.820',0.235
'1:08.830',0.185
'1:08.840',0.115
'1:08.850',0.070
'1:08.860',0.060
'1:08.870',0.020
'1:08.880',-0.010
'1:08.890',-0.005
'1:08.900',-0.025
'1:08.910',0.000
'1:08.920',-0.010
'1:08.930',-0.020
'1:08.940',-0.010
'1:08.950',-0.020
'1:08.960',-0.005
'1:08.970',-0.030
'1:08.980',-0.030
'1:08.990',-0.010
'1:09.000',-0.045
'1:09.010',-0.020
'1:09.020',-0.060
'1:09.030',-0.035
'1:09.040',-0.055
'1:09.050',-0.055
'1:09.060',-0.065
'1:09.070',-0.070
'1:09.080',-0.075
'1:09.090',-0.080
'1:09.100',-0.105
'1:09.110',-0.050
'1:09.120',-0.090
'1:09.130',-0.070
'1:09.140',-0.090
'1:09.150',-0.090
'1:09.160',-0.105
'1:09.170',-0.070
'1:09.180',-0.105
'1:09.190',-0.105
'1:09.200',-0.060
'1:09.210',-0.015
'1:09.220',0.020
'1:09.230',0.035
'1:09.240',0.140
'1:09.250',0.185
'1:09.260',0.105
'1:09.270',0.030
'1:09.280',-0.045
'1:09.290',-0.055
'1:09.300',-0.170
'1:09.310',-0.200
'1:09.320',-0.205
'1:09.330',-0.195
'1:09.340',-0.230
'1:09.350',-0.190
'1:09.360',0.240
'1:09.370',1.120
'1:09.380',1.655
'1:09.390',0.155
'1:09.400',-0.695
'1:09.410',-0.760
'1:09.420',-0.520
'1:09.430',-0.210
'1:09.440',-0.175
'1:09.450',-0.155
'1:09.460',-0.180
'1:09.470',-0.135
'1:09.480',-0.120
'1:09.490',-0.090
'1:09.500',-0.095
'1:09.510',-0.080
'1:09.520',-0.060
'1:09.530',-0.030
'1:09.540',-0.025
'1:09.550',0.015
'1:09.560',0.025
'1:09.570',0.080
'1:09.580',0.110
'1:09.590',0.160
'1:09.600',0.180
'1:09.610',0.230
'1:09.620',0.240
'1:09.630',0.245
'1:09.640',0.255
'1:09.650',0.250
'1:09.660',0.255
'1:09.670',0.215
'1:09.680',0.185
'1:09.690',0.135
'1:09.700',0.095
'1:09.710',0.055
'1:09.720',0.000
'1:09.730',0.000
'1:09.740',0.000
'1:09.750',-0.015
'1:09.760',-0.040
'1:09.770',-0.025
'1:09.780',-0.010
'1:09.790',-0.025
'1:09.800',-0.015
'1:09.810',-0.020
'1:09.820',-0.025
'1:09.830',-0.040
'1:09.840',-0.040
'1:09.850',-0.010
'1:09.860',-0.055
'1:09.870',-0.040
'1:09.880',-0.060
'1:09.890',-0.080
'1:09.900',-0.065
'1:09.910',-0.065
'1:09.920',-0.080
'1:09.930',-0.065
'1:09.940',-0.085
'1:09.950',-0.090
'1:09.960',-0.090
'1:09.970',-0.085
'1:09.980',-0.110
'1:09.990',-0.100
'1:10.000',-0.100
'1:10.010',-0.100
'1:10.020',-0.105
'1:10.030',-0.090
'1:10.040',-0.090
'1:10.050',-0.040
'1:10.060',0.025
'1:10.070',0.025
'1:10.080',0.110
'1:10.090',0.160
'1:10.100',0.090
'1:10.110',0.010
'1:10.120',-0.035
'1:10.130',-0.060
'1:10.140',-0.165
'1:10.150',-0.205
'1:10.160',-0.205
'1:10.170',-0.190
'1:10.180',-0.215
'1:10.190',-0.250
'1:10.200',0.085
'1:10.210',0.935
'1:10.220',1.595
'1:10.230',0.655
'1:10.240',-0.435
'1:10.250',-0.745
'1:10.260',-0.505
'1:10.270',-0.230
'1:10.280',-0.195
'1:10.290',-0.175
'1:10.300',-0.150
'1:10.310',-0.150
'1:10.320',-0.140
'1:10.330',-0.115
'1:10.340',-0.115
'1:10.350',-0.065
'1:10.360',-0.090
'1:10.370',-0.055
'1:10.380',-0.025
'1:10.390',0.000
'1:10.400',0.025
'1:10.410',0.050
'1:10.420',0.085
'1:10.430',0.125
'1:10.440',0.175
'1:10.450',0.195
'1:10.460',0.210
'1:10.470',0.235
'1:10.480',0.255
'1:10.490',0.255
'1:10.500',0.240
'1:10.510',0.235
'1:10.520',0.200
'1:10.530',0.140
'1:10.540',0.080
'1:10.550',0.065
'1:10.560',0.010
'1:10.570',-0.005
'1:10.580',-0.020
'1:10.590',-0.010
'1:10.600',-0.005
'1:10.610',-0.020
'1:10.620',-0.025
'1:10.630',-0.025
'1:10.640',-0.015
'1:10.650',-0.005
'1:10.660',-0.020
'1:10.670',-0.040
'1:10.680',-0.020
'1:10.690',-0.015
'1:10.700',-0.045
'1:10.710',-0.060
'1:10.720',-0.055
'1:10.730',-0.085
'1:10.740',-0.070
'1:10.750',-0.075
'1:10.760',-0.060
'1:10.770',-0.080
'1:10.780',-0.085
'1:10.790',-0.075
'1:10.800',-0.065
'1:10.810',-0.090
'1:10.820',-0.080
'1:10.830',-0.080
'1:10.840',-0.100
'1:10.850',-0.105
'1:10.860',-0.070
'1:10.870',-0.125
'1:10.880',-0.105
'1:10.890',-0.120
'1:10.900',-0.100
'1:10.910',-0.075
'1:10.920',-0.025
'1:10.930',0.040
'1:10.940',0.020
'1:10.950',0.110
'1:10.960',0.170
'1:10.970',0.115
'1:10.980',0.000
'1:10.990',-0.040
'1:11.000',-0.035
'1:11.010',-0.150
'1:11.020',-0.205
'1:11.030',-0.195
'1:11.040',-0.190
'1:11.050',-0.200
'1:11.060',-0.225
'1:11.070',0.090
'1:11.080',0.885
'1:11.090',1.545
'1:11.100',0.745
'1:11.110',-0.405
'1:11.120',-0.725
'1:11.130',-0.465
'1:11.140',-0.210
'1:11.150',-0.165
'1:11.160',-0.140
'1:11.170',-0.135
'1:11.180',-0.130
'1:11.190',-0.140
'1:11.200',-0.100
'1:11.210',-0.085
'1:11.220',-0.085
'1:11.230',-0.075
'1:11.240',-0.045
'1:11.250',-0.030
'1:11.260',0.005
'1:11.270',0.015
'1:11.280',0.070
'1:11.290',0.090
'1:11.300',0.130
'1:11.310',0.175
'1:11.320',0.200
'1:11.330',0.235
'1:11.340',0.255
'1:11.350',0.240
'1:11.360',0.260
'1:11.370',0.275
'1:11.380',0.245
'1:11.390',0.205
'1:11.400',0.155
'1:11.410',0.115
'1:11.420',0.080
'1:11.430',0.055
'1:11.440',-0.020
'1:11.450',-0.010
'1:11.460',-0.015
'1:11.470',-0.020
'1:11.480',-0.030
'1:11.490',0.000
'1:11.500',0.000
'1:11.510',-0.005
'1:11.520',-0.005
'1:11.530',-0.020
'1:11.540',-0.020
'1:11.550',-0.005
'1:11.560',-0.030
'1:11.570',-0.055
'1:11.580',-0.040
'1:11.590',-0.060
'1:11.600',-0.050
'1:11.610',-0.070
'1:11.620',-0.065
'1:11.630',-0.065
'1:11.640',-0.065
'1:11.650',-0.095
'1:11.660',-0.075
'1:11.670',-0.070
'1:11.680',-0.080
'1:11.690',-0.090
'1:11.700',-0.075
'1:11.710',-0.105
'1:11.720',-0.080
'1:11.730',-0.120
'1:11.740',-0.075
'1:11.750',-0.055
'1:11.760',-0.015
'1:11.770',0.050
'1:11.780',0.025
'1:11.790',0.140
'1:11.800',0.205
'1:11.810',0.100
'1:11.820',0.010
'1:11.830',-0.020
'1:11.840',-0.045
'1:11.850',-0.180
'1:11.860',-0.165
'1:11.870',-0.200
'1:11.880',-0.170
'1:11.890',-0.230
'1:11.900',-0.210
'1:11.910',0.190
'1:11.920',1.050
'1:11.930',1.605
'1:11.940',0.235
'1:11.950',-0.600
'1:11.960',-0.735
'1:11.970',-0.500
'1:11.980',-0.215
'1:11.990',-0.185
'1:12.000',-0.155
'1:12.010',-0.150
'1:12.020',-0.125
'1:12.030',-0.115
'1:12.040',-0.090
'1:12.050',-0.120
'1:12.060',-0.065
'1:12.070',-0.060
'1:12.080',-0.020
'1:12.090',-0.025
'1:12.100',0.020
'1:12.110',0.020
'1:12.120',0.065
'1:12.130',0.085
'1:12.140',0.130
'1:12.150',0.155
'1:12.160',0.190
'1:12.170',0.215
'1:12.180',0.245
'1:12.190',0.245
'1:12.200',0.235
'1:12.210',0.215
'1:12.220',0.220
'1:12.230',0.175
'1:12.240',0.115
'1:12.250',0.080
'1:12.260',0.060
'1:12.270',0.030
'1:12.280',-0.005
'1:12.290',-0.010
'1:12.300',-0.030
'1:12.310',-0.015
'1:12.320',-0.030
'1:12.330',-0.010
'1:12.340',-0.025
'1:12.350',-0.015
'1:12.360',-0.030
'1:12.370',-0.030
'1:12.380',-0.035
'1:12.390',-0.040
'1:12.400',-0.055
'1:12.410',-0.045
'1:12.420',-0.045
'1:12.430',-0.045
'1:12.440',-0.070
'1:12.450',-0.085
'1:12.460',-0.080
'1:12.470',-0.090
'1:12.480',-0.085
'1:12.490',-0.080
'1:12.500',-0.085
'1:12.510',-0.090
'1:12.520',-0.090
'1:12.530',-0.085
'1:12.540',-0.105
'1:12.550',-0.110
'1:12.560',-0.100
'1:12.570',-0.105
'1:12.580',-0.115
'1:12.590',-0.090
'1:12.600',-0.015
'1:12.610',0.010
'1:12.620',0.000
'1:12.630',0.065
'1:12.640',0.160
'1:12.650',0.115
'1:12.660',0.045
'1:12.670',-0.015
'1:12.680',-0.035
'1:12.690',-0.165
'1:12.700',-0.205
'1:12.710',-0.205
'1:12.720',-0.215
'1:12.730',-0.210
'1:12.740',-0.270
'1:12.750',0.000
'1:12.760',0.720
'1:12.770',1.375
'1:12.780',0.965
'1:12.790',-0.260
'1:12.800',-0.810
'1:12.810',-0.585
'1:12.820',-0.305
'1:12.830',-0.175
'1:12.840',-0.190
'1:12.850',-0.145
'1:12.860',-0.140
'1:12.870',-0.170
'1:12.880',-0.145
'1:12.890',-0.115
'1:12.900',-0.110
'1:12.910',-0.080
'1:12.920',-0.075
'1:12.930',-0.040
'1:12.940',-0.020
'1:12.950',-0.005
'1:12.960',0.040
'1:12.970',0.065
'1:12.980',0.095
'1:12.990',0.125
'1:13.000',0.175
'1:13.010',0.195
'1:13.020',0.200
'1:13.030',0.230
'1:13.040',0.240
'1:13.050',0.245
'1:13.060',0.235
'1:13.070',0.180
'1:13.080',0.150
'1:13.090',0.095
'1:13.100',0.055
'1:13.110',0.025
'1:13.120',0.000
'1:13.130',-0.030
'1:13.140',-0.015
'1:13.150',-0.025
'1:13.160',-0.030
'1:13.170',-0.035
'1:13.180',-0.025
'1:13.190',-0.015
'1:13.200',-0.010
'1:13.210',-0.015
'1:13.220',-0.040
'1:13.230',-0.035
'1:13.240',-0.030
'1:13.250',-0.055
'1:13.260',-0.055
'1:13.270',-0.085
'1:13.280',-0.075
'1:13.290',-0.080
'1:13.300',-0.085
'1:13.310',-0.095
'1:13.320',-0.095
'1:13.330',-0.110
'1:13.340',-0.090
'1:13.350',-0.115
'1:13.360',-0.105
'1:13.370',-0.100
'1:13.380',-0.100
'1:13.390',-0.115
'1:13.400',-0.110
'1:13.410',-0.120
'1:13.420',-0.135
'1:13.430',-0.115
'1:13.440',-0.090
'1:13.450',-0.060
'1:13.460',0.000
'1:13.470',0.020
'1:13.480',0.035
'1:13.490',0.155
'1:13.500',0.135
'1:13.510',0.040
'1:13.520',0.000
'1:13.530',-0.040
'1:13.540',-0.090
'1:13.550',-0.205
'1:13.560',-0.200
'1:13.570',-0.210
'1:13.580',-0.185
'1:13.590',-0.210
'1:13.600',-0.115
'1:13.610',0.350
'1:13.620',1.280
'1:13.630',1.695
'1:13.640',-0.015
'1:13.650',-0.790
'1:13.660',-0.575
'1:13.670',-0.355
'1:13.680',-0.145
'1:13.690',-0.185
'1:13.700',-0.160
'1:13.710',-0.150
'1:13.720',-0.140
'1:13.730',-0.130
'1:13.740',-0.085
'1:13.750',-0.120
'1:13.760',-0.070
'1:13.770',-0.070
'1:13.780',-0.025
'1:13.790',-0.005
'1:13.800',0.010
'1:13.810',0.025
'1:13.820',0.090
'1:13.830',0.090
'1:13.840',0.145
'1:13.850',0.180
'1:13.860',0.205
'1:13.870',0.235
'1:13.880',0.255
'1:13.890',0.260
'1:13.900',0.270
'1:13.910',0.250
'1:13.920',0.205
'1:13.930',0.170
'1:13.940',0.115
'1:13.950',0.080
'1:13.960',0.055
'1:13.970',0.010
'1:13.980',-0.015
'1:13.990',0.000
'1:14.000',-0.015
'1:14.010',-0.025
'1:14.020',-0.020
'1:14.030',-0.030
'1:14.040',-0.020
'1:14.050',-0.015
'1:14.060',-0.020
'1:14.070',-0.025
'1:14.080',-0.010
'1:14.090',-0.015
'1:14.100',-0.030
'1:14.110',-0.050
'1:14.120',-0.055
'1:14.130',-0.050
'1:14.140',-0.050
'1:14.150',-0.065
'1:14.160',-0.065
'1:14.170',-0.055
'1:14.180',-0.065
'1:14.190',-0.080
'1:14.200',-0.090
'1:14.210',-0.080
'1:14.220',-0.085
'1:14.230',-0.070
'1:14.240',-0.095
'1:14.250',-0.070
'1:14.260',-0.085
'1:14.270',-0.080
'1:14.280',0.000
'1:14.290',0.010
'1:14.300',0.060
'1:14.310',0.080
'1:14.320',0.205
'1:14.330',0.170
'1:14.340',0.095
'1:14.350',0.005
'1:14.360',-0.030
'1:14.370',-0.080
'1:14.380',-0.190
'1:14.390',-0.165
'1:14.400',-0.190
'1:14.410',-0.165
'1:14.420',-0.220
'1:14.430',0.015
'1:14.440',0.600
'1:14.450',1.280
'1:14.460',1.110
'1:14.470',-0.135
'1:14.480',-0.775
'1:14.490',-0.635
'1:14.500',-0.345
'1:14.510',-0.160
'1:14.520',-0.150
'1:14.530',-0.155
'1:14.540',-0.140
'1:14.550',-0.125
'1:14.560',-0.135
'1:14.570',-0.100
'1:14.580',-0.080
'1:14.590',-0.075
'1:14.600',-0.045
'1:14.610',-0.035
'1:14.620',0.005
'1:14.630',0.010
'1:14.640',0.025
'1:14.650',0.075
'1:14.660',0.100
'1:14.670',0.165
'1:14.680',0.180
'1:14.690',0.205
'1:14.700',0.230
'1:14.710',0.240
'1:14.720',0.230
'1:14.730',0.250
'1:14.740',0.215
'1:14.750',0.195
'1:14.760',0.155
'1:14.770',0.090
'1:14.780',0.065
'1:14.790',0.025
'1:14.800',-0.025
'1:14.810',0.000
'1:14.820',-0.020
'1:14.830',-0.020
'1:14.840',-0.010
'1:14.850',-0.015
'1:14.860',-0.025
'1:14.870',-0.020
'1:14.880',-0.035
'1:14.890',-0.040
'1:14.900',-0.020
'1:14.910',-0.055
'1:14.920',-0.055
'1:14.930',-0.070
'1:14.940',-0.045
'1:14.950',-0.065
'1:14.960',-0.075
'1:14.970',-0.105
'1:14.980',-0.085
'1:14.990',-0.090
'1:15.000',-0.085
'1:15.010',-0.095
'1:15.020',-0.085
'1:15.030',-0.105
'1:15.040',-0.095
'1:15.050',-0.095
'1:15.060',-0.100
'1:15.070',-0.050
'1:15.080',0.015
'1:15.090',0.040
'1:15.100',0.060
'1:15.110',0.150
'1:15.120',0.160
'1:15.130',0.055
'1:15.140',-0.005
'1:15.150',-0.045
'1:15.160',-0.100
'1:15.170',-0.200
'1:15.180',-0.190
'1:15.190',-0.240
'1:15.200',-0.205
'1:15.210',-0.235
'1:15.220',-0.110
'1:15.230',0.375
'1:15.240',1.210
'1:15.250',1.525
'1:15.260',-0.035
'1:15.270',-0.805
'1:15.280',-0.700
'1:15.290',-0.405
'1:15.300',-0.180
'1:15.310',-0.175
'1:15.320',-0.160
'1:15.330',-0.160
'1:15.340',-0.135
'1:15.350',-0.130
'1:15.360',-0.115
'1:15.370',-0.120
'1:15.380',-0.070
'1:15.390',-0.070
'1:15.400',-0.030
'1:15.410',-0.010
'1:15.420',0.020
'1:15.430',0.025
'1:15.440',0.065
'1:15.450',0.090
'1:15.460',0.165
'1:15.470',0.175
'1:15.480',0.210
'1:15.490',0.225
'1:15.500',0.230
'1:15.510',0.240
'1:15.520',0.250
'1:15.530',0.235
'1:15.540',0.190
'1:15.550',0.175
'1:15.560',0.095
'1:15.570',0.050
'1:15.580',0.025
'1:15.590',0.000
'1:15.600',-0.025
'1:15.610',-0.020
'1:15.620',-0.050
'1:15.630',-0.040
'1:15.640',-0.025
'1:15.650',-0.040
'1:15.660',-0.030
'1:15.670',-0.030
'1:15.680',-0.005
'1:15.690',-0.040
'1:15.700',-0.055
'1:15.710',-0.055
'1:15.720',-0.065
'1:15.730',-0.080
'1:15.740',-0.060
'1:15.750',-0.085
'1:15.760',-0.065
'1:15.770',-0.095
'1:15.780',-0.090
'1:15.790',-0.100
'1:15.800',-0.100
'1:15.810',-0.090
'1:15.820',-0.100
'1:15.830',-0.105
'1:15.840',-0.095
'1:15.850',-0.130
'1:15.860',-0.115
'1:15.870',-0.070
'1:15.880',-0.030
'1:15.890',0.015
'1:15.900',0.025
'1:15.910',0.150
'1:15.920',0.155
'1:15.930',0.080
'1:15.940',0.030
'1:15.950',-0.015
'1:15.960',-0.055
'1:15.970',-0.195
'1:15.980',-0.195
'1:15.990',-0.195
'1:16.000',-0.165
'1:16.010',-0.215
'1:16.020',-0.230
'1:16.030',0.165
'1:16.040',1.040
'1:16.050',1.670
'1:16.060',0.425
'1:16.070',-0.555
'1:16.080',-0.695
'1:16.090',-0.440
'1:16.100',-0.170
'1:16.110',-0.165
'1:16.120',-0.155
'1:16.130',-0.145
'1:16.140',-0.125
'1:16.150',-0.120
'1:16.160',-0.115
'1:16.170',-0.095
'1:16.180',-0.050
'1:16.190',-0.075
'1:16.200',-0.035
'1:16.210',-0.035
'1:16.220',0.000
'1:16.230',0.030
'1:16.240',0.065
'1:16.250',0.090
'1:16.260',0.150
'1:16.270',0.190
'1:16.280',0.190
'1:16.290',0.190
'1:16.300',0.225
'1:16.310',0.235
'1:16.320',0.260
'1:16.330',0.245
'1:16.340',0.240
'1:16.350',0.190
'1:16.360',0.130
'1:16.370',0.105
'1:16.380',0.065
'1:16.390',0.030
'1:16.400',0.005
'1:16.410',0.000
'1:16.420',0.000
'1:16.430',-0.020
'1:16.440',-0.030
'1:16.450',-0.015
'1:16.460',-0.020
'1:16.470',-0.015
'1:16.480',-0.015
'1:16.490',-0.025
'1:16.500',-0.040
'1:16.510',-0.040
'1:16.520',-0.040
'1:16.530',-0.040
'1:16.540',-0.035
'1:16.550',-0.055
'1:16.560',-0.055
'1:16.570',-0.080
'1:16.580',-0.075
'1:16.590',-0.085
'1:16.600',-0.080
'1:16.610',-0.090
'1:16.620',-0.085
'1:16.630',-0.090
'1:16.640',-0.085
'1:16.650',-0.080
'1:16.660',-0.080
'1:16.670',-0.100
'1:16.680',-0.090
'1:16.690',-0.100
'1:16.700',-0.075
'1:16.710',-0.045
'1:16.720',0.010
'1:16.730',0.030
'1:16.740',0.045
'1:16.750',0.170
'1:16.760',0.155
'1:16.770',0.055
'1:16.780',0.030
'1:16.790',-0.030
'1:16.800',-0.060
'1:16.810',-0.190
'1:16.820',-0.175
'1:16.830',-0.210
'1:16.840',-0.180
'1:16.850',-0.215
'1:16.860',-0.165
'1:16.870',0.280
'1:16.880',1.170
'1:16.890',1.670
'1:16.900',0.040
'1:16.910',-0.755
'1:16.920',-0.605
'1:16.930',-0.345
'1:16.940',-0.130
'1:16.950',-0.165
'1:16.960',-0.155
'1:16.970',-0.155
'1:16.980',-0.125
'1:16.990',-0.125
'1:17.000',-0.080
'1:17.010',-0.100
'1:17.020',-0.060
'1:17.030',-0.050
'1:17.040',-0.025
'1:17.050',0.000
'1:17.060',0.030
'1:17.070',0.045
'1:17.080',0.070
'1:17.090',0.105
'1:17.100',0.160
'1:17.110',0.185
'1:17.120',0.215
'1:17.130',0.215
'1:17.140',0.240
'1:17.150',0.260
'1:17.160',0.260
'1:17.170',0.245
'1:17.180',0.230
'1:17.190',0.180
'1:17.200',0.155
'1:17.210',0.110
'1:17.220',0.050
'1:17.230',0.010
'1:17.240',0.005
'1:17.250',0.015
'1:17.260',-0.010
'1:17.270',0.015
'1:17.280',0.000
'1:17.290',0.005
'1:17.300',0.010
'1:17.310',-0.010
'1:17.320',0.005
'1:17.330',-0.015
'1:17.340',0.000
'1:17.350',-0.015
'1:17.360',-0.015
'1:17.370',-0.040
'1:17.380',-0.030
'1:17.390',-0.030
'1:17.400',-0.035
'1:17.410',-0.050
'1:17.420',-0.075
'1:17.430',-0.060
'1:17.440',-0.060
'1:17.450',-0.065
'1:17.460',-0.075
'1:17.470',-0.085
'1:17.480',-0.050
'1:17.490',-0.075
'1:17.500',-0.055
'1:17.510',-0.100
'1:17.520',-0.070
'1:17.530',-0.075
'1:17.540',-0.080
'1:17.550',-0.035
'1:17.560',0.015
'1:17.570',0.030
'1:17.580',0.085
'1:17.590',0.180
'1:17.600',0.155
'1:17.610',0.080
'1:17.620',0.000
'1:17.630',-0.050
'1:17.640',-0.100
'1:17.650',-0.185
'1:17.660',-0.190
'1:17.670',-0.195
'1:17.680',-0.155
'1:17.690',-0.215
'1:17.700',-0.110
'1:17.710',0.375
'1:17.720',1.110
'1:17.730',1.440
'1:17.740',0.015
'1:17.750',-0.750
'1:17.760',-0.660
'1:17.770',-0.385
'1:17.780',-0.165
'1:17.790',-0.175
'1:17.800',-0.135
'1:17.810',-0.155
'1:17.820',-0.125
'1:17.830',-0.110
'1:17.840',-0.105
'1:17.850',-0.100
'1:17.860',-0.045
'1:17.870',-0.075
'1:17.880',-0.050
'1:17.890',-0.015
'1:17.900',0.005
'1:17.910',0.050
'1:17.920',0.075
'1:17.930',0.080
'1:17.940',0.115
'1:17.950',0.150
'1:17.960',0.190
'1:17.970',0.185
'1:17.980',0.210
'1:17.990',0.230
'1:18.000',0.230
'1:18.010',0.205
'1:18.020',0.185
'1:18.030',0.165
'1:18.040',0.115
'1:18.050',0.050
'1:18.060',0.015
'1:18.070',0.005
'1:18.080',-0.025
'1:18.090',-0.010
'1:18.100',-0.035
'1:18.110',-0.035
'1:18.120',-0.020
'1:18.130',-0.030
'1:18.140',-0.035
'1:18.150',-0.045
'1:18.160',-0.030
'1:18.170',-0.035
'1:18.180',-0.030
'1:18.190',-0.050
'1:18.200',-0.060
'1:18.210',-0.065
'1:18.220',-0.060
'1:18.230',-0.085
'1:18.240',-0.085
'1:18.250',-0.110
'1:18.260',-0.070
'1:18.270',-0.065
'1:18.280',-0.075
'1:18.290',-0.100
'1:18.300',-0.095
'1:18.310',-0.115
'1:18.320',-0.080
'1:18.330',-0.110
'1:18.340',-0.090
'1:18.350',-0.100
'1:18.360',-0.085
'1:18.370',-0.045
'1:18.380',0.020
'1:18.390',0.055
'1:18.400',0.075
'1:18.410',0.180
'1:18.420',0.155
'1:18.430',0.105
'1:18.440',0.040
'1:18.450',-0.005
'1:18.460',-0.065
'1:18.470',-0.180
'1:18.480',-0.170
'1:18.490',-0.190
'1:18.500',-0.175
'1:18.510',-0.210
'1:18.520',-0.120
'1:18.530',0.395
'1:18.540',1.180
'1:18.550',1.535
'1:18.560',0.040
'1:18.570',-0.740
'1:18.580',-0.680
'1:18.590',-0.440
'1:18.600',-0.150
'1:18.610',-0.165
'1:18.620',-0.165
'1:18.630',-0.155
'1:18.640',-0.125
'1:18.650',-0.135
'1:18.660',-0.095
'1:18.670',-0.110
'1:18.680',-0.065
'1:18.690',-0.070
'1:18.700',-0.035
'1:18.710',-0.010
'1:18.720',-0.005
'1:18.730',0.010
'1:18.740',0.045
'1:18.750',0.090
'1:18.760',0.135
'1:18.770',0.160
'1:18.780',0.185
'1:18.790',0.195
'1:18.800',0.200
'1:18.810',0.215
'1:18.820',0.230
'1:18.830',0.245
'1:18.840',0.210
'1:18.850',0.155
'1:18.860',0.110
'1:18.870',0.075
'1:18.880',0.045
'1:18.890',-0.005
'1:18.900',0.005
'1:18.910',-0.015
'1:18.920',-0.015
'1:18.930',-0.035
'1:18.940',-0.010
'1:18.950',-0.025
'1:18.960',-0.055
'1:18.970',-0.030
'1:18.980',-0.035
'1:18.990',-0.060
'1:19.000',-0.035
'1:19.010',-0.060
'1:19.020',-0.055
'1:19.030',-0.055
'1:19.040',-0.070
'1:19.050',-0.105
'1:19.060',-0.100
'1:19.070',-0.100
'1:19.080',-0.085
'1:19.090',-0.105
'1:19.100',-0.100
'1:19.110',-0.115
'1:19.120',-0.105
'1:19.130',-0.125
'1:19.140',-0.120
'1:19.150',-0.080
'1:19.160',0.000
'1:19.170',0.025
'1:19.180',0.055
'1:19.190',0.150
'1:19.200',0.145
'1:19.210',0.060
'1:19.220',0.020
'1:19.230',-0.030
'1:19.240',-0.060
'1:19.250',-0.195
'1:19.260',-0.200
'1:19.270',-0.195
'1:19.280',-0.190
'1:19.290',-0.240
'1:19.300',-0.140
'1:19.310',0.360
'1:19.320',1.235
'1:19.330',1.615
'1:19.340',0.030
'1:19.350',-0.775
'1:19.360',-0.695
'1:19.370',-0.405
'1:19.380',-0.165
'1:19.390',-0.140
'1:19.400',-0.150
'1:19.410',-0.140
'1:19.420',-0.130
'1:19.430',-0.120
'1:19.440',-0.065
'1:19.450',-0.090
'1:19.460',-0.055
'1:19.470',-0.045
'1:19.480',-0.015
'1:19.490',0.005
'1:19.500',0.030
'1:19.510',0.060
'1:19.520',0.085
'1:19.530',0.115
'1:19.540',0.175
'1:19.550',0.195
'1:19.560',0.215
'1:19.570',0.255
'1:19.580',0.270
'1:19.590',0.260
'1:19.600',0.270
'1:19.610',0.255
'1:19.620',0.235
'1:19.630',0.165
'1:19.640',0.125
'1:19.650',0.075
'1:19.660',0.025
'1:19.670',0.000
'1:19.680',-0.015
'1:19.690',-0.005
'1:19.700',-0.020
'1:19.710',-0.035
'1:19.720',-0.030
'1:19.730',-0.015
'1:19.740',-0.005
'1:19.750',-0.020
'1:19.760',-0.015
'1:19.770',-0.010
'1:19.780',-0.040
'1:19.790',-0.040
'1:19.800',-0.060
'1:19.810',-0.060
'1:19.820',-0.065
'1:19.830',-0.040
'1:19.840',-0.095
'1:19.850',-0.065
'1:19.860',-0.075
'1:19.870',-0.065
'1:19.880',-0.085
'1:19.890',-0.105
'1:19.900',-0.095
'1:19.910',-0.085
'1:19.920',-0.080
'1:19.930',-0.090
'1:19.940',-0.055
'1:19.950',0.020
'1:19.960',0.035
'1:19.970',0.065
'1:19.980',0.175
'1:19.990',0.185
'1:20.000',0.080
'1:20.010',0.005
'1:20.020',-0.015
'1:20.030',-0.075
'1:20.040',-0.175
'1:20.050',-0.195
'1:20.060',-0.185
'1:20.070',-0.145
'1:20.080',-0.225
'1:20.090',-0.135
'1:20.100',0.370
'1:20.110',1.255
'1:20.120',1.690
'1:20.130',0.060
'1:20.140',-0.775
'1:20.150',-0.670
'1:20.160',-0.400
'1:20.170',-0.135
'1:20.180',-0.170
'1:20.190',-0.140
'1:20.200',-0.160
'1:20.210',-0.105
'1:20.220',-0.115
'1:20.230',-0.105
'1:20.240',-0.110
'1:20.250',-0.075
'1:20.260',-0.065
'1:20.270',-0.020
'1:20.280',-0.005
'1:20.290',0.000
'1:20.300',0.025
'1:20.310',0.065
'1:20.320',0.105
'1:20.330',0.130
'1:20.340',0.170
'1:20.350',0.200
'1:20.360',0.220
'1:20.370',0.255
'1:20.380',0.230
'1:20.390',0.245
'1:20.400',0.225
'1:20.410',0.190
'1:20.420',0.150
'1:20.430',0.115
'1:20.440',0.050
'1:20.450',0.000
'1:20.460',-0.005
'1:20.470',-0.030
'1:20.480',-0.060
'1:20.490',-0.035
'1:20.500',-0.050
'1:20.510',-0.040
'1:20.520',-0.045
'1:20.530',-0.035
'1:20.540',-0.035
'1:20.550',-0.025
'1:20.560',-0.040
'1:20.570',-0.020
'1:20.580',-0.040
'1:20.590',-0.060
'1:20.600',-0.080
'1:20.610',-0.075
'1:20.620',-0.080
'1:20.630',-0.080
'1:20.640',-0.110
'1:20.650',-0.110
'1:20.660',-0.095
'1:20.670',-0.095
'1:20.680',-0.085
'1:20.690',-0.085
'1:20.700',-0.115
'1:20.710',-0.110
'1:20.720',-0.095
'1:20.730',-0.085
'1:20.740',-0.105
'1:20.750',-0.100
'1:20.760',-0.115
'1:20.770',-0.100
'1:20.780',-0.090
'1:20.790',-0.050
'1:20.800',0.015
'1:20.810',0.005
'1:20.820',0.110
'1:20.830',0.150
'1:20.840',0.085
'1:20.850',0.000
'1:20.860',-0.050
'1:20.870',-0.065
'1:20.880',-0.200
'1:20.890',-0.230
'1:20.900',-0.240
'1:20.910',-0.190
'1:20.920',-0.235
'1:20.930',-0.260
'1:20.940',0.070
'1:20.950',0.920
'1:20.960',1.555
'1:20.970',0.600
'1:20.980',-0.470
'1:20.990',-0.770
'1:21.000',-0.495
'1:21.010',-0.240
'1:21.020',-0.190
'1:21.030',-0.170
'1:21.040',-0.180
'1:21.050',-0.170
'1:21.060',-0.165
'1:21.070',-0.155
'1:21.080',-0.150
'1:21.090',-0.115
'1:21.100',-0.100
'1:21.110',-0.055
'1:21.120',-0.045
'1:21.130',-0.025
'1:21.140',0.005
'1:21.150',0.030
'1:21.160',0.060
'1:21.170',0.090
'1:21.180',0.130
'1:21.190',0.175
'1:21.200',0.200
'1:21.210',0.225
'1:21.220',0.220
'1:21.230',0.225
'1:21.240',0.225
'1:21.250',0.230
'1:21.260',0.170
'1:21.270',0.125
'1:21.280',0.105
'1:21.290',0.045
'1:21.300',0.020
'1:21.310',0.000
'1:21.320',-0.020
'1:21.330',-0.025
'1:21.340',-0.030
'1:21.350',-0.040
'1:21.360',-0.015
'1:21.370',-0.025
'1:21.380',-0.030
'1:21.390',-0.020
'1:21.400',-0.030
'1:21.410',-0.015
'1:21.420',-0.055
'1:21.430',-0.050
'1:21.440',-0.060
'1:21.450',-0.045
'1:21.460',-0.080
'1:21.470',-0.075
'1:21.480',-0.085
'1:21.490',-0.075
'1:21.500',-0.090
'1:21.510',-0.100
'1:21.520',-0.110
'1:21.530',-0.100
'1:21.540',-0.110
'1:21.550',-0.100
'1:21.560',-0.100
'1:21.570',-0.090
'1:21.580',-0.115
'1:21.590',-0.100
'1:21.600',-0.130
'1:21.610',-0.105
'1:21.620',-0.125
'1:21.630',-0.105
'1:21.640',-0.065
'1:21.650',-0.005
'1:21.660',0.045
'1:21.670',0.040
'1:21.680',0.145
'1:21.690',0.120
'1:21.700',0.060
'1:21.710',0.010
'1:21.720',-0.035
'1:21.730',-0.060
'1:21.740',-0.185
'1:21.750',-0.190
'1:21.760',-0.220
'1:21.770',-0.170
'1:21.780',-0.225
'1:21.790',-0.220
'1:21.800',0.165
'1:21.810',1.125
'1:21.820',1.740
'1:21.830',0.205
'1:21.840',-0.670
'1:21.850',-0.600
'1:21.860',-0.350
'1:21.870',-0.140
'1:21.880',-0.165
'1:21.890',-0.145
'1:21.900',-0.155
'1:21.910',-0.125
'1:21.920',-0.125
'1:21.930',-0.100
'1:21.940',-0.095
'1:21.950',-0.045
'1:21.960',-0.035
'1:21.970',-0.020
'1:21.980',-0.020
'1:21.990',0.010
'1:22.000',0.045
'1:22.010',0.070
'1:22.020',0.090
'1:22.030',0.135
'1:22.040',0.180
'1:22.050',0.200
'1:22.060',0.220
'1:22.070',0.255
'1:22.080',0.240
'1:22.090',0.255
'1:22.100',0.230
'1:22.110',0.230
'1:22.120',0.195
'1:22.130',0.160
'1:22.140',0.110
'1:22.150',0.050
'1:22.160',0.010
'1:22.170',0.030
'1:22.180',0.015
'1:22.190',-0.015
'1:22.200',-0.005
'1:22.210',0.005
'1:22.220',0.010
'1:22.230',0.000
'1:22.240',-0.005
'1:22.250',0.015
'1:22.260',0.015
'1:22.270',-0.015
'1:22.280',-0.005
'1:22.290',0.000
'1:22.300',-0.015
'1:22.310',-0.035
'1:22.320',-0.050
'1:22.330',-0.040
'1:22.340',-0.055
'1:22.350',-0.035
'1:22.360',-0.065
'1:22.370',-0.075
'1:22.380',-0.055
'1:22.390',-0.070
'1:22.400',-0.055
'1:22.410',-0.080
'1:22.420',-0.090
'1:22.430',-0.070
'1:22.440',-0.070
'1:22.450',-0.065
'1:22.460',-0.060
'1:22.470',-0.080
'1:22.480',-0.090
'1:22.490',-0.060
'1:22.500',-0.070
'1:22.510',-0.085
'1:22.520',-0.085
'1:22.530',-0.060
'1:22.540',-0.085
'1:22.550',-0.085
'1:22.560',-0.060
'1:22.570',-0.010
'1:22.580',0.025
'1:22.590',0.040
'1:22.600',0.085
'1:22.610',0.200
'1:22.620',0.125
'1:22.630',0.040
'1:22.640',-0.020
'1:22.650',-0.015
'1:22.660',-0.125
'1:22.670',-0.190
'1:22.680',-0.190
'1:22.690',-0.180
'1:22.700',-0.175
'1:22.710',-0.225
'1:22.720',0.045
'1:22.730',0.735
'1:22.740',1.335
'1:22.750',0.755
'1:22.760',-0.275
'1:22.770',-0.710
'1:22.780',-0.540
'1:22.790',-0.300
'1:22.800',-0.150
'1:22.810',-0.140
'1:22.820',-0.135
'1:22.830',-0.130
'1:22.840',-0.130
'1:22.850',-0.115
'1:22.860',-0.115
'1:22.870',-0.085
'1:22.880',-0.055
'1:22.890',-0.040
'1:22.900',-0.030
'1:22.910',0.015
'1:22.920',0.015
'1:22.930',0.045
'1:22.940',0.065
'1:22.950',0.100
'1:22.960',0.140
'1:22.970',0.170
'1:22.980',0.190
'1:22.990',0.215
'1:23.000',0.240
'1:23.010',0.240
'1:23.020',0.215
'1:23.030',0.215
'1:23.040',0.190
'1:23.050',0.185
'1:23.060',0.135
'1:23.070',0.090
'1:23.080',0.050
'1:23.090',0.025
'1:23.100',0.030
'1:23.110',0.035
'1:23.120',0.000
'1:23.130',0.000
'1:23.140',0.010
'1:23.150',0.010
'1:23.160',0.010
'1:23.170',0.015
'1:23.180',0.000
'1:23.190',-0.015
'1:23.200',-0.020
'1:23.210',-0.015
'1:23.220',-0.005
'1:23.230',-0.025
'1:23.240',-0.030
'1:23.250',-0.060
'1:23.260',-0.045
'1:23.270',-0.035
'1:23.280',-0.045
'1:23.290',-0.065
'1:23.300',-0.035
'1:23.310',-0.050
'1:23.320',-0.075
'1:23.330',-0.070
'1:23.340',-0.065
'1:23.350',-0.080
'1:23.360',-0.065
'1:23.370',-0.070
'1:23.380',-0.070
'1:23.390',-0.070
'1:23.400',-0.080
'1:23.410',-0.095
'1:23.420',-0.070
'1:23.430',-0.020
'1:23.440',0.030
'1:23.450',0.055
'1:23.460',0.090
'1:23.470',0.215
'1:23.480',0.140
'1:23.490',0.085
'1:23.500',0.005
'1:23.510',0.005
'1:23.520',-0.095
'1:23.530',-0.170
'1:23.540',-0.180
'1:23.550',-0.155
'1:23.560',-0.155
'1:23.570',-0.220
'1:23.580',0.055
'1:23.590',0.705
'1:23.600',1.310
'1:23.610',0.890
'1:23.620',-0.180
'1:23.630',-0.720
'1:23.640',-0.600
'1:23.650',-0.315
'1:23.660',-0.140
'1:23.670',-0.130
'1:23.680',-0.150
'1:23.690',-0.130
'1:23.700',-0.130
'1:23.710',-0.095
'1:23.720',-0.060
'1:23.730',-0.080
'1:23.740',-0.050
'1:23.750',-0.025
'1:23.760',0.000
'1:23.770',0.020
'1:23.780',0.030
'1:23.790',0.080
'1:23.800',0.100
'1:23.810',0.125
'1:23.820',0.150
'1:23.830',0.185
'1:23.840',0.220
'1:23.850',0.235
'1:23.860',0.230
'1:23.870',0.255
'1:23.880',0.245
'1:23.890',0.220
'1:23.900',0.195
'1:23.910',0.175
'1:23.920',0.120
'1:23.930',0.085
'1:23.940',0.060
'1:23.950',0.010
'1:23.960',0.000
'1:23.970',-0.010
'1:23.980',0.000
'1:23.990',-0.005
'1:24.000',0.005
'1:24.010',0.000
'1:24.020',0.005
'1:24.030',0.005
'1:24.040',0.000
'1:24.050',-0.025
'1:24.060',-0.025
'1:24.070',-0.010
'1:24.080',-0.030
'1:24.090',-0.055
'1:24.100',-0.020
'1:24.110',-0.055
'1:24.120',-0.070
'1:24.130',-0.070
'1:24.140',-0.060
'1:24.150',-0.070
'1:24.160',-0.070
'1:24.170',-0.075
'1:24.180',-0.070
'1:24.190',-0.070
'1:24.200',-0.060
'1:24.210',-0.125
'1:24.220',-0.090
'1:24.230',-0.035
'1:24.240',0.000
'1:24.250',0.030
'1:24.260',0.070
'1:24.270',0.175
'1:24.280',0.200
'1:24.290',0.090
'1:24.300',0.040
'1:24.310',-0.020
'1:24.320',-0.045
'1:24.330',-0.165
'1:24.340',-0.190
'1:24.350',-0.195
'1:24.360',-0.165
'1:24.370',-0.200
'1:24.380',-0.170
'1:24.390',0.235
'1:24.400',1.135
'1:24.410',1.675
'1:24.420',0.160
'1:24.430',-0.710
'1:24.440',-0.745
'1:24.450',-0.450
'1:24.460',-0.225
'1:24.470',-0.185
'1:24.480',-0.165
'1:24.490',-0.145
'1:24.500',-0.115
'1:24.510',-0.115
'1:24.520',-0.095
'1:24.530',-0.145
'1:24.540',-0.085
'1:24.550',-0.060
'1:24.560',-0.025
'1:24.570',-0.040
'1:24.580',0.000
'1:24.590',0.035
'1:24.600',0.080
'1:24.610',0.080
'1:24.620',0.130
'1:24.630',0.175
'1:24.640',0.200
'1:24.650',0.190
'1:24.660',0.235
'1:24.670',0.235
'1:24.680',0.260
'1:24.690',0.215
'1:24.700',0.185
'1:24.710',0.165
'1:24.720',0.135
'1:24.730',0.055
'1:24.740',0.020
'1:24.750',0.015
'1:24.760',-0.020
'1:24.770',-0.025
'1:24.780',-0.030
'1:24.790',-0.020
'1:24.800',-0.035
'1:24.810',-0.030
'1:24.820',-0.050
'1:24.830',-0.040
'1:24.840',-0.005
'1:24.850',-0.030
'1:24.860',-0.050
'1:24.870',-0.025
'1:24.880',-0.055
'1:24.890',-0.035
'1:24.900',-0.025
'1:24.910',-0.065
'1:24.920',-0.050
'1:24.930',-0.075
'1:24.940',-0.065
'1:24.950',-0.085
'1:24.960',-0.090
'1:24.970',-0.070
'1:24.980',-0.085
'1:24.990',-0.100
'1:25.000',-0.110
'1:25.010',-0.080
'1:25.020',-0.105
'1:25.030',-0.070
'1:25.040',-0.020
'1:25.050',0.030
'1:25.060',0.030
'1:25.070',0.075
'1:25.080',0.175
'1:25.090',0.150
'1:25.100',0.035
'1:25.110',-0.005
'1:25.120',-0.030
'1:25.130',-0.140
'1:25.140',-0.190
'1:25.150',-0.190
'1:25.160',-0.210
'1:25.170',-0.235
'1:25.180',-0.280
'1:25.190',0.010
'1:25.200',0.700
'1:25.210',1.440
'1:25.220',1.025
'1:25.230',-0.260
'1:25.240',-0.795
'1:25.250',-0.645
'1:25.260',-0.330
'1:25.270',-0.160
'1:25.280',-0.165
'1:25.290',-0.155
'1:25.300',-0.145
'1:25.310',-0.120
'1:25.320',-0.115
'1:25.330',-0.130
'1:25.340',-0.085
'1:25.350',-0.065
'1:25.360',-0.035
'1:25.370',-0.030
'1:25.380',0.010
'1:25.390',0.025
'1:25.400',0.070
'1:25.410',0.075
'1:25.420',0.130
'1:25.430',0.170
'1:25.440',0.195
'1:25.450',0.225
'1:25.460',0.220
'1:25.470',0.260
'1:25.480',0.255
'1:25.490',0.255
'1:25.500',0.225
'1:25.510',0.170
'1:25.520',0.135
'1:25.530',0.080
'1:25.540',0.040
'1:25.550',-0.005
'1:25.560',-0.045
'1:25.570',-0.050
'1:25.580',-0.065
'1:25.590',-0.050
'1:25.600',-0.065
'1:25.610',-0.060
'1:25.620',-0.055
'1:25.630',-0.055
'1:25.640',-0.065
'1:25.650',-0.065
'1:25.660',-0.050
'1:25.670',-0.055
'1:25.680',-0.085
'1:25.690',-0.085
'1:25.700',-0.090
'1:25.710',-0.100
'1:25.720',-0.100
'1:25.730',-0.100
'1:25.740',-0.100
'1:25.750',-0.130
'1:25.760',-0.155
'1:25.770',-0.105
'1:25.780',-0.150
'1:25.790',-0.125
'1:25.800',-0.140
'1:25.810',-0.125
'1:25.820',-0.150
'1:25.830',-0.115
'1:25.840',-0.115
'1:25.850',-0.075
'1:25.860',0.000
'1:25.870',-0.020
'1:25.880',0.060
'1:25.890',0.145
'1:25.900',0.095
'1:25.910',0.000
'1:25.920',-0.045
'1:25.930',-0.075
'1:25.940',-0.220
'1:25.950',-0.250
'1:25.960',-0.235
'1:25.970',-0.225
'1:25.980',-0.225
'1:25.990',-0.280
'1:26.000',0.060
'1:26.010',0.905
'1:26.020',1.605
'1:26.030',0.620
'1:26.040',-0.505
'1:26.050',-0.800
'1:26.060',-0.535
'1:26.070',-0.270
'1:26.080',-0.205
'1:26.090',-0.195
'1:26.100',-0.190
'1:26.110',-0.165
'1:26.120',-0.165
'1:26.130',-0.145
'1:26.140',-0.130
'1:26.150',-0.095
'1:26.160',-0.105
'1:26.170',-0.050
'1:26.180',-0.050
'1:26.190',-0.005
'1:26.200',0.000
'1:26.210',0.030
'1:26.220',0.060
'1:26.230',0.110
'1:26.240',0.125
'1:26.250',0.185
'1:26.260',0.195
'1:26.270',0.225
'1:26.280',0.235
'1:26.290',0.225
'1:26.300',0.245
'1:26.310',0.215
'1:26.320',0.175
'1:26.330',0.120
'1:26.340',0.070
'1:26.350',0.020
'1:26.360',0.020
'1:26.370',-0.010
'1:26.380',-0.030
'1:26.390',-0.035
'1:26.400',-0.070
'1:26.410',-0.045
'1:26.420',-0.050
'1:26.430',-0.030
'1:26.440',-0.030
'1:26.450',-0.045
'1:26.460',-0.045
'1:26.470',-0.055
'1:26.480',-0.030
'1:26.490',-0.055
'1:26.500',-0.070
'1:26.510',-0.095
'1:26.520',-0.080
'1:26.530',-0.100
'1:26.540',-0.090
'1:26.550',-0.070
'1:26.560',-0.100
'1:26.570',-0.135
'1:26.580',-0.090
'1:26.590',-0.070
'1:26.600',-0.080
'1:26.610',-0.105
'1:26.620',-0.090
'1:26.630',-0.100
'1:26.640',-0.085
'1:26.650',-0.100
'1:26.660',-0.085
'1:26.670',-0.090
'1:26.680',-0.065
'1:26.690',-0.065
'1:26.700',-0.030
'1:26.710',0.050
'1:26.720',0.040
'1:26.730',0.130
'1:26.740',0.170
'1:26.750',0.110
'1:26.760',0.035
'1:26.770',-0.035
'1:26.780',-0.045
'1:26.790',-0.165
'1:26.800',-0.185
'1:26.810',-0.220
'1:26.820',-0.195
'1:26.830',-0.210
'1:26.840',-0.230
'1:26.850',0.155
'1:26.860',1.080
'1:26.870',1.725
'1:26.880',0.370
'1:26.890',-0.590
'1:26.900',-0.710
'1:26.910',-0.450
'1:26.920',-0.180
'1:26.930',-0.170
'1:26.940',-0.160
'1:26.950',-0.165
'1:26.960',-0.115
'1:26.970',-0.130
'1:26.980',-0.115
'1:26.990',-0.110
'1:27.000',-0.080
'1:27.010',-0.080
'1:27.020',-0.045
'1:27.030',-0.030
'1:27.040',0.000
'1:27.050',0.025
'1:27.060',0.060
'1:27.070',0.075
'1:27.080',0.130
'1:27.090',0.165
'1:27.100',0.205
'1:27.110',0.220
'1:27.120',0.250
'1:27.130',0.250
'1:27.140',0.275
'1:27.150',0.265
'1:27.160',0.245
'1:27.170',0.190
'1:27.180',0.150
'1:27.190',0.095
'1:27.200',0.045
'1:27.210',0.020
'1:27.220',0.010
'1:27.230',-0.020
'1:27.240',-0.005
'1:27.250',-0.015
'1:27.260',-0.010
'1:27.270',0.000
'1:27.280',0.005
'1:27.290',-0.010
'1:27.300',0.000
'1:27.310',0.000
'1:27.320',-0.025
'1:27.330',-0.030
'1:27.340',-0.020
'1:27.350',-0.010
'1:27.360',-0.065
'1:27.370',-0.065
'1:27.380',-0.060
'1:27.390',-0.055
'1:27.400',-0.055
'1:27.410',-0.075
'1:27.420',-0.075
'1:27.430',-0.080
'1:27.440',-0.090
'1:27.450',-0.090
'1:27.460',-0.075
'1:27.470',-0.090
'1:27.480',-0.090
'1:27.490',-0.085
'1:27.500',-0.100
'1:27.510',-0.085
'1:27.520',-0.090
'1:27.530',-0.100
'1:27.540',-0.075
'1:27.550',-0.105
'1:27.560',-0.115
'1:27.570',-0.085
'1:27.580',-0.015
'1:27.590',0.025
'1:27.600',0.005
'1:27.610',0.070
'1:27.620',0.155
'1:27.630',0.125
'1:27.640',0.025
'1:27.650',-0.035
'1:27.660',-0.030
'1:27.670',-0.115
'1:27.680',-0.170
'1:27.690',-0.190
'1:27.700',-0.175
'1:27.710',-0.185
'1:27.720',-0.235
'1:27.730',0.035
'1:27.740',0.770
'1:27.750',1.490
'1:27.760',0.955
'1:27.770',-0.340
'1:27.780',-0.740
'1:27.790',-0.480
'1:27.800',-0.220
'1:27.810',-0.125
'1:27.820',-0.155
'1:27.830',-0.165
'1:27.840',-0.155
'1:27.850',-0.140
'1:27.860',-0.115
'1:27.870',-0.115
'1:27.880',-0.085
'1:27.890',-0.065
'1:27.900',-0.070
'1:27.910',-0.025
'1:27.920',0.000
'1:27.930',0.010
'1:27.940',0.065
'1:27.950',0.075
'1:27.960',0.110
'1:27.970',0.150
'1:27.980',0.200
'1:27.990',0.230
'1:28.000',0.220
'1:28.010',0.250
'1:28.020',0.265
'1:28.030',0.265
'1:28.040',0.235
'1:28.050',0.220
'1:28.060',0.170
'1:28.070',0.140
'1:28.080',0.070
'1:28.090',0.030
'1:28.100',0.035
'1:28.110',0.015
'1:28.120',-0.005
'1:28.130',-0.015
'1:28.140',-0.005
'1:28.150',-0.010
'1:28.160',-0.005
'1:28.170',0.000
'1:28.180',-0.015
'1:28.190',-0.010
'1:28.200',-0.010
'1:28.210',-0.005
'1:28.220',-0.015
'1:28.230',-0.040
'1:28.240',-0.035
'1:28.250',-0.050
'1:28.260',-0.065
'1:28.270',-0.055
'1:28.280',-0.080
'1:28.290',-0.050
'1:28.300',-0.075
'1:28.310',-0.085
'1:28.320',-0.070
'1:28.330',-0.075
'1:28.340',-0.085
'1:28.350',-0.050
'1:28.360',-0.075
'1:28.370',-0.080
'1:28.380',-0.090
'1:28.390',-0.090
'1:28.400',-0.075
'1:28.410',-0.100
'1:28.420',-0.055
'1:28.430',0.000
'1:28.440',0.065
'1:28.450',0.060
'1:28.460',0.135
'1:28.470',0.200
'1:28.480',0.140
'1:28.490',0.060
'1:28.500',-0.020
'1:28.510',-0.040
'1:28.520',-0.150
'1:28.530',-0.190
'1:28.540',-0.210
'1:28.550',-0.180
'1:28.560',-0.200
'1:28.570',-0.210
'1:28.580',0.080
'1:28.590',0.840
'1:28.600',1.445
'1:28.610',0.550
'1:28.620',-0.395
'1:28.630',-0.740
'1:28.640',-0.535
'1:28.650',-0.265
'1:28.660',-0.175
'1:28.670',-0.120
'1:28.680',-0.150
'1:28.690',-0.150
'1:28.700',-0.125
'1:28.710',-0.110
'1:28.720',-0.110
'1:28.730',-0.070
'1:28.740',-0.050
'1:28.750',-0.055
'1:28.760',-0.045
'1:28.770',0.000
'1:28.780',0.025
'1:28.790',0.035
'1:28.800',0.075
'1:28.810',0.115
'1:28.820',0.130
'1:28.830',0.190
'1:28.840',0.180
'1:28.850',0.205
'1:28.860',0.210
'1:28.870',0.215
'1:28.880',0.220
'1:28.890',0.205
'1:28.900',0.170
'1:28.910',0.135
'1:28.920',0.100
'1:28.930',0.065
'1:28.940',0.000
'1:28.950',-0.010
'1:28.960',-0.015
'1:28.970',-0.035
'1:28.980',-0.040
'1:28.990',-0.015
'1:29.000',-0.020
'1:29.010',-0.025
'1:29.020',-0.040
'1:29.030',-0.035
'1:29.040',-0.035
'1:29.050',-0.040
'1:29.060',-0.065
'1:29.070',-0.065
'1:29.080',-0.050
'1:29.090',-0.090
'1:29.100',-0.075
'1:29.110',-0.095
'1:29.120',-0.095
'1:29.130',-0.085
'1:29.140',-0.095
'1:29.150',-0.085
'1:29.160',-0.095
'1:29.170',-0.080
'1:29.180',-0.125
'1:29.190',-0.085
'1:29.200',-0.090
'1:29.210',-0.110
'1:29.220',-0.125
'1:29.230',-0.105
'1:29.240',-0.080
'1:29.250',-0.035
'1:29.260',0.040
'1:29.270',0.020
'1:29.280',0.105
'1:29.290',0.180
'1:29.300',0.125
'1:29.310',0.050
'1:29.320',-0.025
'1:29.330',-0.025
'1:29.340',-0.160
'1:29.350',-0.205
'1:29.360',-0.240
'1:29.370',-0.205
'1:29.380',-0.225
'1:29.390',-0.225
'1:29.400',0.115
'1:29.410',0.895
'1:29.420',1.500
'1:29.430',0.525
'1:29.440',-0.430
'1:29.450',-0.775
'1:29.460',-0.575
'1:29.470',-0.275
'1:29.480',-0.180
'1:29.490',-0.155
'1:29.500',-0.155
'1:29.510',-0.145
'1:29.520',-0.125
'1:29.530',-0.120
'1:29.540',-0.085
'1:29.550',-0.055
'1:29.560',-0.075
'1:29.570',-0.045
'1:29.580',-0.020
'1:29.590',0.005
'1:29.600',0.030
'1:29.610',0.080
'1:29.620',0.085
'1:29.630',0.115
'1:29.640',0.165
'1:29.650',0.185
'1:29.660',0.210
'1:29.670',0.230
'1:29.680',0.225
'1:29.690',0.235
'1:29.700',0.245
'1:29.710',0.245
'1:29.720',0.175
'1:29.730',0.130
'1:29.740',0.090
'1:29.750',0.045
'1:29.760',0.020
'1:29.770',0.000
'1:29.780',-0.025
'1:29.790',-0.015
'1:29.800',-0.015
'1:29.810',-0.015
'1:29.820',-0.040
'1:29.830',-0.035
'1:29.840',-0.030
'1:29.850',-0.045
'1:29.860',-0.055
'1:29.870',-0.055
'1:29.880',-0.060
'1:29.890',-0.045
'1:29.900',-0.050
'1:29.910',-0.080
'1:29.920',-0.085
'1:29.930',-0.080
'1:29.940',-0.090
'1:29.950',-0.090
'1:29.960',-0.090
'1:29.970',-0.085
'1:29.980',-0.095
'1:29.990',-0.095
'1:30.000',-0.080
'1:30.010',-0.095
'1:30.020',-0.025
'1:30.030',0.015
'1:30.040',0.015
'1:30.050',0.070
'1:30.060',0.190
'1:30.070',0.130
'1:30.080',0.040
'1:30.090',0.000
'1:30.100',-0.045
'1:30.110',-0.135
'1:30.120',-0.200
'1:30.130',-0.210
'1:30.140',-0.185
'1:30.150',-0.200
'1:30.160',-0.245
'1:30.170',-0.015
'1:30.180',0.565
'1:30.190',1.345
'1:30.200',1.240
'1:30.210',-0.195
'1:30.220',-0.860
'1:30.230',-0.575
'1:30.240',-0.350
'1:30.250',-0.165
'1:30.260',-0.180
'1:30.270',-0.180
'1:30.280',-0.145
'1:30.290',-0.160
'1:30.300',-0.120
'1:30.310',-0.090
'1:30.320',-0.110
'1:30.330',-0.105
'1:30.340',-0.060
'1:30.350',-0.025
'1:30.360',0.005
'1:30.370',0.025
'1:30.380',0.050
'1:30.390',0.085
'1:30.400',0.105
'1:30.410',0.155
'1:30.420',0.200
'1:30.430',0.215
'1:30.440',0.235
'1:30.450',0.260
'1:30.460',0.255
'1:30.470',0.265
'1:30.480',0.215
'1:30.490',0.195
'1:30.500',0.135
'1:30.510',0.070
'1:30.520',0.040
'1:30.530',0.000
'1:30.540',-0.010
'1:30.550',-0.020
'1:30.560',-0.030
'1:30.570',-0.065
'1:30.580',-0.025
'1:30.590',-0.055
'1:30.600',-0.025
'1:30.610',-0.030
'1:30.620',-0.015
'1:30.630',-0.035
'1:30.640',-0.025
'1:30.650',-0.065
'1:30.660',-0.055
'1:30.670',-0.070
'1:30.680',-0.085
'1:30.690',-0.095
'1:30.700',-0.085
'1:30.710',-0.095
'1:30.720',-0.070
'1:30.730',-0.085
'1:30.740',-0.100
'1:30.750',-0.060
'1:30.760',0.015
'1:30.770',0.045
'1:30.780',0.075
'1:30.790',0.160
'1:30.800',0.170
'1:30.810',0.100
'1:30.820',0.055
'1:30.830',-0.030
'1:30.840',-0.075
'1:30.850',-0.185
'1:30.860',-0.175
'1:30.870',-0.210
'1:30.880',-0.190
'1:30.890',-0.205
'1:30.900',-0.185
'1:30.910',0.225
'1:30.920',1.135
'1:30.930',1.690
'1:30.940',0.110
'1:30.950',-0.745
'1:30.960',-0.700
'1:30.970',-0.455
'1:30.980',-0.180
'1:30.990',-0.200
'1:31.000',-0.190
'1:31.010',-0.180
'1:31.020',-0.145
'1:31.030',-0.180
'1:31.040',-0.140
'1:31.050',-0.125
'1:31.060',-0.090
'1:31.070',-0.080
'1:31.080',-0.065
'1:31.090',-0.035
'1:31.100',0.015
'1:31.110',0.010
'1:31.120',0.060
'1:31.130',0.090
'1:31.140',0.125
'1:31.150',0.175
'1:31.160',0.230
'1:31.170',0.220
'1:31.180',0.235
'1:31.190',0.240
'1:31.200',0.265
'1:31.210',0.210
'1:31.220',0.190
'1:31.230',0.135
'1:31.240',0.085
'1:31.250',0.035
'1:31.260',0.010
'1:31.270',-0.020
'1:31.280',-0.035
'1:31.290',-0.040
'1:31.300',-0.075
'1:31.310',-0.060
'1:31.320',-0.060
'1:31.330',-0.050
'1:31.340',-0.070
'1:31.350',-0.045
'1:31.360',-0.060
'1:31.370',-0.060
'1:31.380',-0.075
'1:31.390',-0.045
'1:31.400',-0.085
'1:31.410',-0.100
'1:31.420',-0.090
'1:31.430',-0.065
'1:31.440',-0.110
'1:31.450',-0.085
'1:31.460',-0.040
'1:31.470',0.015
'1:31.480',0.015
'1:31.490',0.065
'1:31.500',0.175
'1:31.510',0.160
'1:31.520',0.035
'1:31.530',-0.005
'1:31.540',-0.025
'1:31.550',-0.120
'1:31.560',-0.230
'1:31.570',-0.210
'1:31.580',-0.225
'1:31.590',-0.195
'1:31.600',-0.245
'1:31.610',-0.160
'1:31.620',0.300
'1:31.630',1.160
'1:31.640',1.565
'1:31.650',-0.090
'1:31.660',-0.830
'1:31.670',-0.635
'1:31.680',-0.360
'1:31.690',-0.150
'1:31.700',-0.170
'1:31.710',-0.155
'1:31.720',-0.150
'1:31.730',-0.130
'1:31.740',-0.125
'1:31.750',-0.100
'1:31.760',-0.080
'1:31.770',-0.015
'1:31.780',-0.060
'1:31.790',-0.050
'1:31.800',-0.045
'1:31.810',0.000
'1:31.820',0.035
'1:31.830',0.055
'1:31.840',0.075
'1:31.850',0.145
'1:31.860',0.155
'1:31.870',0.160
'1:31.880',0.195
'1:31.890',0.190
'1:31.900',0.200
'1:31.910',0.205
'1:31.920',0.165
'1:31.930',0.140
'1:31.940',0.105
'1:31.950',0.075
'1:31.960',0.035
'1:31.970',0.000
'1:31.980',-0.010
'1:31.990',-0.025
'1:32.000',-0.055
'1:32.010',-0.035
'1:32.020',-0.060
'1:32.030',-0.055
'1:32.040',-0.020
'1:32.050',-0.040
'1:32.060',-0.035
'1:32.070',-0.035
'1:32.080',-0.055
'1:32.090',-0.050
'1:32.100',-0.050
'1:32.110',-0.065
'1:32.120',-0.070
'1:32.130',-0.065
'1:32.140',-0.060
'1:32.150',-0.100
'1:32.160',-0.070
'1:32.170',-0.035
'1:32.180',0.030
'1:32.190',0.045
'1:32.200',0.100
'1:32.210',0.190
'1:32.220',0.145
'1:32.230',0.040
'1:32.240',0.015
'1:32.250',-0.040
'1:32.260',-0.150
'1:32.270',-0.220
'1:32.280',-0.205
'1:32.290',-0.220
'1:32.300',-0.200
'1:32.310',-0.235
'1:32.320',-0.050
'1:32.330',0.510
'1:32.340',1.210
'1:32.350',1.155
'1:32.360',-0.240
'1:32.370',-0.835
'1:32.380',-0.605
'1:32.390',-0.330
'1:32.400',-0.175
'1:32.410',-0.190
'1:32.420',-0.160
'1:32.430',-0.165
'1:32.440',-0.155
'1:32.450',-0.140
'1:32.460',-0.125
'1:32.470',-0.105
'1:32.480',-0.090
'1:32.490',-0.080
'1:32.500',-0.035
'1:32.510',-0.025
'1:32.520',0.010
'1:32.530',0.025
'1:32.540',0.045
'1:32.550',0.090
'1:32.560',0.115
'1:32.570',0.160
'1:32.580',0.190
'1:32.590',0.190
'1:32.600',0.200
'1:32.610',0.210
'1:32.620',0.225
'1:32.630',0.200
'1:32.640',0.180
'1:32.650',0.115
'1:32.660',0.065
'1:32.670',0.025
'1:32.680',0.015
'1:32.690',-0.035
'1:32.700',-0.035
'1:32.710',-0.040
'1:32.720',-0.050
'1:32.730',-0.050
'1:32.740',-0.050
'1:32.750',-0.025
'1:32.760',-0.040
'1:32.770',-0.040
'1:32.780',-0.055
'1:32.790',-0.060
'1:32.800',-0.060
'1:32.810',-0.075
'1:32.820',-0.085
'1:32.830',-0.090
'1:32.840',-0.095
'1:32.850',-0.085
'1:32.860',-0.105
'1:32.870',-0.095
'1:32.880',-0.100
'1:32.890',-0.105
'1:32.900',-0.120
'1:32.910',-0.090
'1:32.920',-0.120
'1:32.930',-0.090
'1:32.940',-0.100
'1:32.950',-0.030
'1:32.960',0.035
'1:32.970',0.035
'1:32.980',0.150
'1:32.990',0.160
'1:33.000',0.075
'1:33.010',0.015
'1:33.020',-0.025
'1:33.030',-0.045
'1:33.040',-0.205
'1:33.050',-0.180
'1:33.060',-0.200
'1:33.070',-0.200
'1:33.080',-0.220
'1:33.090',-0.215
'1:33.100',0.130
'1:33.110',0.940
'1:33.120',1.530
'1:33.130',0.380
'1:33.140',-0.515
'1:33.150',-0.765
'1:33.160',-0.525
'1:33.170',-0.190
'1:33.180',-0.180
'1:33.190',-0.160
'1:33.200',-0.140
'1:33.210',-0.120
'1:33.220',-0.125
'1:33.230',-0.110
'1:33.240',-0.105
'1:33.250',-0.055
'1:33.260',-0.060
'1:33.270',-0.010
'1:33.280',0.000
'1:33.290',0.015
'1:33.300',0.030
'1:33.310',0.080
'1:33.320',0.110
'1:33.330',0.095
'1:33.340',0.150
'1:33.350',0.175
'1:33.360',0.195
'1:33.370',0.210
'1:33.380',0.190
'1:33.390',0.210
'1:33.400',0.250
'1:33.410',0.220
'1:33.420',0.175
'1:33.430',0.150
'1:33.440',0.100
'1:33.450',0.080
'1:33.460',0.045
'1:33.470',0.030
'1:33.480',0.045
'1:33.490',0.015
'1:33.500',0.015
'1:33.510',0.025
'1:33.520',0.020
'1:33.530',-0.005
'1:33.540',0.015
'1:33.550',0.000
'1:33.560',0.000
'1:33.570',-0.005
'1:33.580',-0.010
'1:33.590',-0.025
'1:33.600',-0.025
'1:33.610',-0.045
'1:33.620',-0.050
'1:33.630',-0.075
'1:33.640',-0.055
'1:33.650',-0.060
'1:33.660',-0.070
'1:33.670',-0.085
'1:33.680',-0.075
'1:33.690',-0.075
'1:33.700',-0.090
'1:33.710',-0.095
'1:33.720',-0.105
'1:33.730',-0.110
'1:33.740',-0.075
'1:33.750',-0.090
'1:33.760',-0.090
'1:33.770',-0.075
'1:33.780',-0.005
'1:33.790',0.025
'1:33.800',0.035
'1:33.810',0.130
'1:33.820',0.180
'1:33.830',0.095
'1:33.840',0.035
'1:33.850',-0.025
'1:33.860',-0.055
'1:33.870',-0.185
'1:33.880',-0.165
'1:33.890',-0.185
'1:33.900',-0.180
'1:33.910',-0.205
'1:33.920',-0.205
'1:33.930',0.195
'1:33.940',1.065
'1:33.950',1.645
'1:33.960',0.260
'1:33.970',-0.630
'1:33.980',-0.730
'1:33.990',-0.460
'1:34.000',-0.180
'1:34.010',-0.175
'1:34.020',-0.120
'1:34.030',-0.150
'1:34.040',-0.135
'1:34.050',-0.150
'1:34.060',-0.110
'1:34.070',-0.100
'1:34.080',-0.085
'1:34.090',-0.070
'1:34.100',-0.040
'1:34.110',-0.015
'1:34.120',0.025
'1:34.130',0.040
'1:34.140',0.070
'1:34.150',0.080
'1:34.160',0.125
'1:34.170',0.155
'1:34.180',0.195
'1:34.190',0.195
'1:34.200',0.220
'1:34.210',0.230
'1:34.220',0.235
'1:34.230',0.235
'1:34.240',0.205
'1:34.250',0.165
'1:34.260',0.135
'1:34.270',0.095
'1:34.280',0.065
'1:34.290',0.010
'1:34.300',0.000
'1:34.310',-0.020
'1:34.320',-0.005
'1:34.330',0.000
'1:34.340',-0.010
'1:34.350',-0.010
'1:34.360',-0.005
'1:34.370',-0.015
'1:34.380',-0.015
'1:34.390',0.000
'1:34.400',-0.035
'1:34.410',-0.030
'1:34.420',-0.025
'1:34.430',-0.045
'1:34.440',-0.050
'1:34.450',-0.070
'1:34.460',-0.065
'1:34.470',-0.065
'1:34.480',-0.085
'1:34.490',-0.085
'1:34.500',-0.090
'1:34.510',-0.080
'1:34.520',-0.065
'1:34.530',-0.060
'1:34.540',-0.075
'1:34.550',-0.080
'1:34.560',-0.100
'1:34.570',-0.085
'1:34.580',-0.105
'1:34.590',-0.085
'1:34.600',-0.095
'1:34.610',-0.075
'1:34.620',-0.115
'1:34.630',-0.075
'1:34.640',-0.085
'1:34.650',-0.095
'1:34.660',-0.045
'1:34.670',0.010
'1:34.680',0.035
'1:34.690',0.050
'1:34.700',0.170
'1:34.710',0.170
'1:34.720',0.065
'1:34.730',0.015
'1:34.740',-0.040
'1:34.750',-0.085
'1:34.760',-0.190
'1:34.770',-0.160
'1:34.780',-0.170
'1:34.790',-0.185
'1:34.800',-0.220
'1:34.810',-0.095
'1:34.820',0.405
'1:34.830',1.265
'1:34.840',1.580
'1:34.850',-0.050
'1:34.860',-0.805
'1:34.870',-0.600
'1:34.880',-0.340
'1:34.890',-0.125
'1:34.900',-0.170
'1:34.910',-0.145
'1:34.920',-0.140
'1:34.930',-0.115
'1:34.940',-0.115
'1:34.950',-0.105
'1:34.960',-0.080
'1:34.970',-0.070
'1:34.980',-0.035
'1:34.990',-0.020
'1:35.000',-0.005
'1:35.010',0.020
'1:35.020',0.050
'1:35.030',0.100
'1:35.040',0.105
'1:35.050',0.160
'1:35.060',0.180
'1:35.070',0.195
'1:35.080',0.235
'1:35.090',0.215
'1:35.100',0.235
'1:35.110',0.250
'1:35.120',0.235
'1:35.130',0.240
'1:35.140',0.175
'1:35.150',0.120
'1:35.160',0.095
'1:35.170',0.055
'1:35.180',0.045
'1:35.190',0.030
'1:35.200',0.000
'1:35.210',0.000
'1:35.220',-0.010
'1:35.230',-0.015
'1:35.240',-0.025
'1:35.250',0.010
'1:35.260',0.010
'1:35.270',0.010
'1:35.280',0.010
'1:35.290',-0.005
'1:35.300',0.005
'1:35.310',-0.030
'1:35.320',-0.045
'1:35.330',-0.060
'1:35.340',-0.055
'1:35.350',-0.045
'1:35.360',-0.060
'1:35.370',-0.055
'1:35.380',-0.050
'1:35.390',-0.065
'1:35.400',-0.080
'1:35.410',-0.090
'1:35.420',-0.080
'1:35.430',-0.075
'1:35.440',-0.085
'1:35.450',-0.095
'1:35.460',-0.080
'1:35.470',-0.090
'1:35.480',-0.095
'1:35.490',-0.105
'1:35.500',-0.090
'1:35.510',-0.115
'1:35.520',-0.065
'1:35.530',-0.050
'1:35.540',0.010
'1:35.550',0.020
'1:35.560',0.075
'1:35.570',0.180
'1:35.580',0.135
'1:35.590',0.045
'1:35.600',0.000
'1:35.610',-0.040
'1:35.620',-0.095
'1:35.630',-0.220
'1:35.640',-0.190
'1:35.650',-0.220
'1:35.660',-0.215
'1:35.670',-0.240
'1:35.680',-0.100
'1:35.690',0.450
'1:35.700',1.315
'1:35.710',1.475
'1:35.720',-0.140
'1:35.730',-0.865
'1:35.740',-0.640
'1:35.750',-0.355
'1:35.760',-0.190
'1:35.770',-0.170
'1:35.780',-0.150
'1:35.790',-0.165
'1:35.800',-0.125
'1:35.810',-0.130
'1:35.820',-0.105
'1:35.830',-0.115
'1:35.840',-0.075
'1:35.850',-0.050
'1:35.860',-0.025
'1:35.870',-0.020
'1:35.880',0.010
'1:35.890',0.035
'1:35.900',0.085
'1:35.910',0.135
'1:35.920',0.155
'1:35.930',0.160
'1:35.940',0.200
'1:35.950',0.210
'1:35.960',0.230
'1:35.970',0.235
'1:35.980',0.230
'1:35.990',0.225
'1:36.000',0.220
'1:36.010',0.200
'1:36.020',0.115
'1:36.030',0.060
'1:36.040',0.045
'1:36.050',0.010
'1:36.060',-0.020
'1:36.070',-0.010
'1:36.080',-0.010
'1:36.090',-0.015
'1:36.100',0.000
'1:36.110',-0.035
'1:36.120',0.000
'1:36.130',-0.015
'1:36.140',-0.005
'1:36.150',-0.025
'1:36.160',-0.025
'1:36.170',-0.035
'1:36.180',-0.060
'1:36.190',-0.065
'1:36.200',-0.035
'1:36.210',-0.070
'1:36.220',-0.070
'1:36.230',-0.080
'1:36.240',-0.060
'1:36.250',-0.085
'1:36.260',-0.050
'1:36.270',-0.055
'1:36.280',-0.070
'1:36.290',-0.110
'1:36.300',-0.080
'1:36.310',-0.085
'1:36.320',-0.100
'1:36.330',-0.085
'1:36.340',-0.100
'1:36.350',-0.105
'1:36.360',-0.085
'1:36.370',-0.050
'1:36.380',-0.005
'1:36.390',0.030
'1:36.400',0.040
'1:36.410',0.150
'1:36.420',0.175
'1:36.430',0.090
'1:36.440',0.055
'1:36.450',-0.035
'1:36.460',-0.070
'1:36.470',-0.175
'1:36.480',-0.145
'1:36.490',-0.230
'1:36.500',-0.200
'1:36.510',-0.200
'1:36.520',-0.205
'1:36.530',0.215
'1:36.540',1.075
'1:36.550',1.565
'1:36.560',0.150
'1:36.570',-0.705
'1:36.580',-0.695
'1:36.590',-0.470
'1:36.600',-0.200
'1:36.610',-0.175
'1:36.620',-0.150
'1:36.630',-0.165
'1:36.640',-0.165
'1:36.650',-0.140
'1:36.660',-0.125
'1:36.670',-0.085
'1:36.680',-0.085
'1:36.690',-0.085
'1:36.700',-0.045
'1:36.710',-0.020
'1:36.720',0.000
'1:36.730',0.020
'1:36.740',0.075
'1:36.750',0.100
'1:36.760',0.135
'1:36.770',0.165
'1:36.780',0.205
'1:36.790',0.195
'1:36.800',0.230
'1:36.810',0.225
'1:36.820',0.255
'1:36.830',0.245
'1:36.840',0.225
'1:36.850',0.170
'1:36.860',0.130
'1:36.870',0.075
'1:36.880',0.050
'1:36.890',0.005
'1:36.900',0.000
'1:36.910',-0.015
'1:36.920',-0.015
'1:36.930',-0.015
'1:36.940',-0.025
'1:36.950',-0.030
'1:36.960',-0.005
'1:36.970',0.000
'1:36.980',-0.020
'1:36.990',-0.035
'1:37.000',-0.035
'1:37.010',-0.025
'1:37.020',-0.050
'1:37.030',-0.055
'1:37.040',-0.055
'1:37.050',-0.100
'1:37.060',-0.090
'1:37.070',-0.055
'1:37.080',-0.110
'1:37.090',-0.080
'1:37.100',-0.085
'1:37.110',-0.090
'1:37.120',-0.090
'1:37.130',-0.075
'1:37.140',-0.110
'1:37.150',-0.080
'1:37.160',-0.125
'1:37.170',-0.090
'1:37.180',-0.100
'1:37.190',-0.105
'1:37.200',-0.060
'1:37.210',-0.005
'1:37.220',0.020
'1:37.230',0.025
'1:37.240',0.155
'1:37.250',0.175
'1:37.260',0.075
'1:37.270',0.010
'1:37.280',-0.020
'1:37.290',-0.090
'1:37.300',-0.190
'1:37.310',-0.190
'1:37.320',-0.205
'1:37.330',-0.180
'1:37.340',-0.195
'1:37.350',-0.170
'1:37.360',0.295
'1:37.370',1.180
'1:37.380',1.520
'1:37.390',0.010
'1:37.400',-0.745
'1:37.410',-0.725
'1:37.420',-0.450
'1:37.430',-0.205
'1:37.440',-0.160
'1:37.450',-0.115
'1:37.460',-0.175
'1:37.470',-0.125
'1:37.480',-0.125
'1:37.490',-0.090
'1:37.500',-0.090
'1:37.510',-0.065
'1:37.520',-0.065
'1:37.530',0.000
'1:37.540',0.000
'1:37.550',0.005
'1:37.560',0.015
'1:37.570',0.080
'1:37.580',0.110
'1:37.590',0.160
'1:37.600',0.145
'1:37.610',0.190
'1:37.620',0.190
'1:37.630',0.210
'1:37.640',0.220
'1:37.650',0.240
'1:37.660',0.215
'1:37.670',0.180
'1:37.680',0.180
'1:37.690',0.110
'1:37.700',0.075
'1:37.710',0.045
'1:37.720',0.010
'1:37.730',0.005
'1:37.740',0.000
'1:37.750',-0.005
'1:37.760',-0.005
'1:37.770',0.010
'1:37.780',0.010
'1:37.790',-0.015
'1:37.800',-0.015
'1:37.810',-0.010
'1:37.820',-0.005
'1:37.830',-0.025
'1:37.840',-0.025
'1:37.850',-0.045
'1:37.860',-0.030
'1:37.870',-0.065
'1:37.880',-0.065
'1:37.890',-0.060
'1:37.900',-0.050
'1:37.910',-0.060
'1:37.920',-0.060
'1:37.930',-0.070
'1:37.940',-0.060
'1:37.950',-0.050
'1:37.960',-0.085
'1:37.970',-0.085
'1:37.980',-0.070
'1:37.990',-0.080
'1:38.000',-0.085
'1:38.010',-0.100
'1:38.020',-0.075
'1:38.030',-0.045
'1:38.040',0.025
'1:38.050',0.040
'1:38.060',0.080
'1:38.070',0.175
'1:38.080',0.160
'1:38.090',0.060
'1:38.100',0.010
'1:38.110',-0.005
'1:38.120',-0.095
'1:38.130',-0.220
'1:38.140',-0.170
'1:38.150',-0.175
'1:38.160',-0.195
'1:38.170',-0.235
'1:38.180',-0.095
'1:38.190',0.470
'1:38.200',1.315
'1:38.210',1.425
'1:38.220',-0.115
'1:38.230',-0.805
'1:38.240',-0.625
'1:38.250',-0.350
'1:38.260',-0.160
'1:38.270',-0.165
'1:38.280',-0.140
'1:38.290',-0.150
'1:38.300',-0.135
'1:38.310',-0.135
'1:38.320',-0.095
'1:38.330',-0.080
'1:38.340',-0.075
'1:38.350',-0.055
'1:38.360',-0.010
'1:38.370',0.005
'1:38.380',0.015
'1:38.390',0.060
'1:38.400',0.090
'1:38.410',0.120
'1:38.420',0.150
'1:38.430',0.165
'1:38.440',0.205
'1:38.450',0.240
'1:38.460',0.230
'1:38.470',0.240
'1:38.480',0.260
'1:38.490',0.230
'1:38.500',0.205
'1:38.510',0.145
'1:38.520',0.095
'1:38.530',0.075
'1:38.540',0.035
'1:38.550',0.005
'1:38.560',0.015
'1:38.570',-0.010
'1:38.580',-0.030
'1:38.590',-0.025
'1:38.600',-0.005
'1:38.610',-0.005
'1:38.620',-0.015
'1:38.630',-0.005
'1:38.640',-0.010
'1:38.650',-0.030
'1:38.660',-0.025
'1:38.670',-0.025
'1:38.680',-0.045
'1:38.690',-0.035
'1:38.700',-0.085
'1:38.710',-0.065
'1:38.720',-0.070
'1:38.730',-0.070
'1:38.740',-0.055
'1:38.750',-0.090
'1:38.760',-0.090
'1:38.770',-0.085
'1:38.780',-0.070
'1:38.790',-0.080
'1:38.800',-0.085
'1:38.810',-0.080
'1:38.820',-0.090
'1:38.830',-0.060
'1:38.840',-0.060
'1:38.850',-0.090
'1:38.860',-0.065
'1:38.870',0.000
'1:38.880',0.050
'1:38.890',0.040
'1:38.900',0.125
'1:38.910',0.215
'1:38.920',0.155
'1:38.930',0.055
'1:38.940',-0.010
'1:38.950',-0.030
'1:38.960',-0.160
'1:38.970',-0.190
'1:38.980',-0.180
'1:38.990',-0.175
'1:39.000',-0.200
'1:39.010',-0.235
'1:39.020',0.095
'1:39.030',0.935
'1:39.040',1.590
'1:39.050',0.540
'1:39.060',-0.505
'1:39.070',-0.730
'1:39.080',-0.475
'1:39.090',-0.195
'1:39.100',-0.155
'1:39.110',-0.170
'1:39.120',-0.180
'1:39.130',-0.135
'1:39.140',-0.140
'1:39.150',-0.100
'1:39.160',-0.090
'1:39.170',-0.085
'1:39.180',-0.050
'1:39.190',-0.050
'1:39.200',-0.010
'1:39.210',0.010
'1:39.220',0.060
'1:39.230',0.040
'1:39.240',0.095
'1:39.250',0.155
'1:39.260',0.185
'1:39.270',0.205
'1:39.280',0.210
'1:39.290',0.265
'1:39.300',0.250
'1:39.310',0.265
'1:39.320',0.260
'1:39.330',0.240
'1:39.340',0.200
'1:39.350',0.155
'1:39.360',0.090
'1:39.370',0.070
'1:39.380',0.045
'1:39.390',-0.020
'1:39.400',-0.020
'1:39.410',0.000
'1:39.420',-0.010
'1:39.430',0.000
'1:39.440',-0.050
'1:39.450',0.005
'1:39.460',-0.030
'1:39.470',-0.030
'1:39.480',-0.015
'1:39.490',-0.020
'1:39.500',-0.020
'1:39.510',-0.055
'1:39.520',-0.075
'1:39.530',-0.050
'1:39.540',-0.040
'1:39.550',-0.075
'1:39.560',-0.080
'1:39.570',-0.085
'1:39.580',-0.060
'1:39.590',-0.105
'1:39.600',-0.120
'1:39.610',-0.085
'1:39.620',-0.075
'1:39.630',-0.110
'1:39.640',-0.095
'1:39.650',-0.095
'1:39.660',-0.075
'1:39.670',-0.065
'1:39.680',0.020
'1:39.690',0.050
'1:39.700',0.065
'1:39.710',0.190
'1:39.720',0.135
'1:39.730',0.060
'1:39.740',0.000
'1:39.750',-0.060
'1:39.760',-0.160
'1:39.770',-0.185
'1:39.780',-0.240
'1:39.790',-0.205
'1:39.800',-0.195
'1:39.810',-0.235
'1:39.820',0.075
'1:39.830',0.880
'1:39.840',1.415
'1:39.850',0.570
'1:39.860',-0.405
'1:39.870',-0.815
'1:39.880',-0.625
'1:39.890',-0.340
'1:39.900',-0.190
'1:39.910',-0.145
'1:39.920',-0.175
'1:39.930',-0.145
'1:39.940',-0.145
'1:39.950',-0.115
'1:39.960',-0.105
'1:39.970',-0.095
'1:39.980',-0.070
'1:39.990',-0.035
'1:40.000',-0.030
'1:40.010',0.020
'1:40.020',0.020
'1:40.030',0.060
'1:40.040',0.115
'1:40.050',0.140
'1:40.060',0.145
'1:40.070',0.195
'1:40.080',0.210
'1:40.090',0.220
'1:40.100',0.215
'1:40.110',0.235
'1:40.120',0.215
'1:40.130',0.215
'1:40.140',0.170
'1:40.150',0.125
'1:40.160',0.075
'1:40.170',0.030
'1:40.180',-0.015
'1:40.190',-0.005
'1:40.200',0.010
'1:40.210',-0.030
'1:40.220',-0.040
'1:40.230',-0.030
'1:40.240',-0.030
'1:40.250',-0.020
'1:40.260',-0.020
'1:40.270',-0.025
'1:40.280',-0.035
'1:40.290',-0.050
'1:40.300',-0.055
'1:40.310',-0.065
'1:40.320',-0.045
'1:40.330',-0.080
'1:40.340',-0.055
'1:40.350',-0.070
'1:40.360',-0.080
'1:40.370',-0.100
'1:40.380',-0.065
'1:40.390',-0.095
'1:40.400',-0.090
'1:40.410',-0.075
'1:40.420',-0.080
'1:40.430',-0.100
'1:40.440',-0.080
'1:40.450',-0.055
'1:40.460',0.000
'1:40.470',0.040
'1:40.480',0.055
'1:40.490',0.140
'1:40.500',0.170
'1:40.510',0.095
'1:40.520',0.045
'1:40.530',-0.010
'1:40.540',-0.050
'1:40.550',-0.185
'1:40.560',-0.185
'1:40.570',-0.215
'1:40.580',-0.170
'1:40.590',-0.210
'1:40.600',-0.205
'1:40.610',0.225
'1:40.620',1.225
'1:40.630',1.735
'1:40.640',0.130
'1:40.650',-0.715
'1:40.660',-0.730
'1:40.670',-0.435
'1:40.680',-0.170
'1:40.690',-0.180
'1:40.700',-0.135
'1:40.710',-0.130
'1:40.720',-0.130
'1:40.730',-0.130
'1:40.740',-0.100
'1:40.750',-0.110
'1:40.760',-0.070
'1:40.770',-0.060
'1:40.780',-0.010
'1:40.790',-0.005
'1:40.800',0.010
'1:40.810',0.050
'1:40.820',0.100
'1:40.830',0.105
'1:40.840',0.145
'1:40.850',0.185
'1:40.860',0.225
'1:40.870',0.235
'1:40.880',0.265
'1:40.890',0.250
'1:40.900',0.255
'1:40.910',0.245
'1:40.920',0.230
'1:40.930',0.165
'1:40.940',0.095
'1:40.950',0.060
'1:40.960',0.020
'1:40.970',0.000
'1:40.980',-0.015
'1:40.990',-0.040
'1:41.000',-0.045
'1:41.010',-0.020
'1:41.020',-0.020
'1:41.030',-0.035
'1:41.040',-0.025
'1:41.050',0.000
'1:41.060',-0.035
'1:41.070',-0.020
'1:41.080',-0.015
'1:41.090',-0.055
'1:41.100',-0.045
'1:41.110',-0.045
'1:41.120',-0.055
'1:41.130',-0.045
'1:41.140',-0.105
'1:41.150',-0.075
'1:41.160',-0.070
'1:41.170',-0.090
'1:41.180',-0.110
'1:41.190',-0.095
'1:41.200',-0.085
'1:41.210',-0.090
'1:41.220',-0.090
'1:41.230',-0.125
'1:41.240',-0.035
'1:41.250',0.035
'1:41.260',0.020
'1:41.270',0.055
'1:41.280',0.180
'1:41.290',0.150
'1:41.300',0.005
'1:41.310',-0.025
'1:41.320',-0.040
'1:41.330',-0.150
'1:41.340',-0.210
'1:41.350',-0.215
'1:41.360',-0.185
'1:41.370',-0.215
'1:41.380',-0.260
'1:41.390',0.005
'1:41.400',0.750
'1:41.410',1.470
'1:41.420',1.030
'1:41.430',-0.305
'1:41.440',-0.830
'1:41.450',-0.560
'1:41.460',-0.275
'1:41.470',-0.170
'1:41.480',-0.155
'1:41.490',-0.150
'1:41.500',-0.160
'1:41.510',-0.135
'1:41.520',-0.105
'1:41.530',-0.085
'1:41.540',-0.050
'1:41.550',-0.065
'1:41.560',-0.055
'1:41.570',-0.040
'1:41.580',0.025
'1:41.590',0.025
'1:41.600',0.055
'1:41.610',0.125
'1:41.620',0.130
'1:41.630',0.170
'1:41.640',0.230
'1:41.650',0.225
'1:41.660',0.215
'1:41.670',0.245
'1:41.680',0.275
'1:41.690',0.270
'1:41.700',0.230
'1:41.710',0.200
'1:41.720',0.145
'1:41.730',0.120
'1:41.740',0.075
'1:41.750',0.030
'1:41.760',-0.025
'1:41.770',-0.015
'1:41.780',0.000
'1:41.790',0.000
'1:41.800',-0.020
'1:41.810',-0.020
'1:41.820',-0.020
'1:41.830',-0.010
'1:41.840',0.000
'1:41.850',0.000
'1:41.860',-0.010
'1:41.870',-0.030
'1:41.880',-0.025
'1:41.890',-0.045
'1:41.900',-0.050
'1:41.910',-0.040
'1:41.920',-0.070
'1:41.930',-0.060
'1:41.940',-0.080
'1:41.950',-0.070
'1:41.960',-0.060
'1:41.970',-0.090
'1:41.980',-0.090
'1:41.990',-0.085
'1:42.000',-0.075
'1:42.010',-0.080
'1:42.020',-0.090
'1:42.030',-0.105
'1:42.040',-0.060
'1:42.050',-0.090
'1:42.060',-0.105
'1:42.070',-0.085
'1:42.080',-0.085
'1:42.090',-0.090
'1:42.100',-0.075
'1:42.110',-0.060
'1:42.120',0.025
'1:42.130',0.035
'1:42.140',0.025
'1:42.150',0.195
'1:42.160',0.145
'1:42.170',0.030
'1:42.180',-0.030
'1:42.190',-0.045
'1:42.200',-0.105
'1:42.210',-0.210
'1:42.220',-0.195
'1:42.230',-0.220
'1:42.240',-0.185
'1:42.250',-0.245
'1:42.260',-0.030
'1:42.270',0.605
'1:42.280',1.315
'1:42.290',1.190
'1:42.300',-0.175
'1:42.310',-0.840
'1:42.320',-0.665
'1:42.330',-0.355
'1:42.340',-0.175
'1:42.350',-0.175
'1:42.360',-0.150
'1:42.370',-0.125
'1:42.380',-0.140
'1:42.390',-0.135
'1:42.400',-0.090
'1:42.410',-0.075
'1:42.420',-0.075
'1:42.430',-0.040
'1:42.440',-0.030
'1:42.450',0.005
'1:42.460',0.020
'1:42.470',0.055
'1:42.480',0.065
'1:42.490',0.120
'1:42.500',0.145
'1:42.510',0.155
'1:42.520',0.200
'1:42.530',0.190
'1:42.540',0.200
'1:42.550',0.225
'1:42.560',0.215
'1:42.570',0.225
'1:42.580',0.205
'1:42.590',0.155
'1:42.600',0.120
'1:42.610',0.045
'1:42.620',0.020
'1:42.630',0.010
'1:42.640',0.010
'1:42.650',-0.010
'1:42.660',-0.025
'1:42.670',-0.020
'1:42.680',0.005
'1:42.690',-0.025
'1:42.700',-0.020
'1:42.710',-0.040
'1:42.720',-0.030
'1:42.730',-0.020
'1:42.740',-0.030
'1:42.750',-0.055
'1:42.760',-0.035
'1:42.770',-0.060
'1:42.780',-0.070
'1:42.790',-0.060
'1:42.800',-0.090
'1:42.810',-0.070
'1:42.820',-0.090
'1:42.830',-0.105
'1:42.840',-0.075
'1:42.850',-0.095
'1:42.860',-0.100
'1:42.870',-0.085
'1:42.880',-0.090
'1:42.890',-0.090
'1:42.900',-0.100
'1:42.910',-0.115
'1:42.920',-0.095
'1:42.930',-0.140
'1:42.940',-0.110
'1:42.950',-0.050
'1:42.960',0.010
'1:42.970',0.030
'1:42.980',0.050
'1:42.990',0.185
'1:43.000',0.150
'1:43.010',0.065
'1:43.020',-0.010
'1:43.030',-0.040
'1:43.040',-0.105
'1:43.050',-0.205
'1:43.060',-0.190
'1:43.070',-0.185
'1:43.080',-0.190
'1:43.090',-0.235
'1:43.100',-0.085
'1:43.110',0.460
'1:43.120',1.285
'1:43.130',1.435
'1:43.140',-0.090
'1:43.150',-0.775
'1:43.160',-0.650
'1:43.170',-0.395
'1:43.180',-0.160
'1:43.190',-0.180
'1:43.200',-0.145
'1:43.210',-0.135
'1:43.220',-0.105
'1:43.230',-0.105
'1:43.240',-0.090
'1:43.250',-0.105
'1:43.260',-0.060
'1:43.270',-0.045
'1:43.280',-0.015
'1:43.290',-0.005
'1:43.300',0.030
'1:43.310',0.055
'1:43.320',0.110
'1:43.330',0.110
'1:43.340',0.150
'1:43.350',0.170
'1:43.360',0.205
'1:43.370',0.230
'1:43.380',0.235
'1:43.390',0.245
'1:43.400',0.245
'1:43.410',0.215
'1:43.420',0.185
'1:43.430',0.170
'1:43.440',0.105
'1:43.450',0.050
'1:43.460',0.040
'1:43.470',0.015
'1:43.480',0.000
'1:43.490',-0.020
'1:43.500',-0.010
'1:43.510',-0.010
'1:43.520',-0.015
'1:43.530',0.005
'1:43.540',-0.020
'1:43.550',-0.025
'1:43.560',0.000
'1:43.570',-0.020
'1:43.580',-0.050
'1:43.590',-0.040
'1:43.600',-0.040
'1:43.610',-0.025
'1:43.620',-0.055
'1:43.630',-0.050
'1:43.640',-0.055
'1:43.650',-0.045
'1:43.660',-0.075
'1:43.670',-0.075
'1:43.680',-0.050
'1:43.690',-0.080
'1:43.700',-0.065
'1:43.710',-0.065
'1:43.720',-0.070
'1:43.730',-0.080
'1:43.740',-0.050
'1:43.750',-0.100
'1:43.760',-0.085
'1:43.770',-0.080
'1:43.780',-0.100
'1:43.790',-0.100
'1:43.800',-0.080
'1:43.810',-0.105
'1:43.820',-0.080
'1:43.830',-0.060
'1:43.840',0.000
'1:43.850',0.005
'1:43.860',0.055
'1:43.870',0.205
'1:43.880',0.140
'1:43.890',0.075
'1:43.900',0.025
'1:43.910',-0.025
'1:43.920',-0.060
'1:43.930',-0.190
'1:43.940',-0.185
'1:43.950',-0.205
'1:43.960',-0.185
'1:43.970',-0.220
'1:43.980',-0.110
'1:43.990',0.310
'1:44.000',1.195
'1:44.010',1.585
'1:44.020',0.055
'1:44.030',-0.745
'1:44.040',-0.710
'1:44.050',-0.420
'1:44.060',-0.200
'1:44.070',-0.145
'1:44.080',-0.145
'1:44.090',-0.170
'1:44.100',-0.115
'1:44.110',-0.140
'1:44.120',-0.115
'1:44.130',-0.110
'1:44.140',-0.080
'1:44.150',-0.065
'1:44.160',-0.030
'1:44.170',-0.025
'1:44.180',0.005
'1:44.190',0.020
'1:44.200',0.075
'1:44.210',0.075
'1:44.220',0.115
'1:44.230',0.175
'1:44.240',0.205
'1:44.250',0.195
'1:44.260',0.230
'1:44.270',0.200
'1:44.280',0.225
'1:44.290',0.210
'1:44.300',0.210
'1:44.310',0.155
'1:44.320',0.105
'1:44.330',0.070
'1:44.340',0.025
'1:44.350',0.000
'1:44.360',-0.005
'1:44.370',-0.035
'1:44.380',-0.045
'1:44.390',-0.035
'1:44.400',-0.030
'1:44.410',-0.025
'1:44.420',-0.015
'1:44.430',-0.020
'1:44.440',-0.025
'1:44.450',0.000
'1:44.460',-0.045
'1:44.470',-0.055
'1:44.480',-0.055
'1:44.490',-0.045
'1:44.500',-0.060
'1:44.510',-0.050
'1:44.520',-0.055
'1:44.530',-0.085
'1:44.540',-0.050
'1:44.550',-0.110
'1:44.560',-0.095
'1:44.570',-0.090
'1:44.580',-0.095
'1:44.590',-0.085
'1:44.600',-0.100
'1:44.610',-0.085
'1:44.620',-0.085
'1:44.630',-0.080
'1:44.640',-0.025
'1:44.650',0.050
'1:44.660',0.045
'1:44.670',0.085
'1:44.680',0.180
'1:44.690',0.140
'1:44.700',0.060
'1:44.710',-0.020
'1:44.720',-0.040
'1:44.730',-0.140
'1:44.740',-0.185
'1:44.750',-0.200
'1:44.760',-0.215
'1:44.770',-0.190
'1:44.780',-0.260
'1:44.790',0.060
'1:44.800',0.860
'1:44.810',1.490
'1:44.820',0.795
'1:44.830',-0.355
'1:44.840',-0.775
'1:44.850',-0.525
'1:44.860',-0.260
'1:44.870',-0.155
'1:44.880',-0.120
'1:44.890',-0.160
'1:44.900',-0.135
'1:44.910',-0.125
'1:44.920',-0.110
'1:44.930',-0.110
'1:44.940',-0.095
'1:44.950',-0.045
'1:44.960',-0.015
'1:44.970',-0.005
'1:44.980',0.025
'1:44.990',0.050
'1:45.000',0.060
'1:45.010',0.115
'1:45.020',0.160
'1:45.030',0.175
'1:45.040',0.220
'1:45.050',0.265
'1:45.060',0.225
'1:45.070',0.265
'1:45.080',0.275
'1:45.090',0.290
'1:45.100',0.250
'1:45.110',0.170
'1:45.120',0.155
'1:45.130',0.090
'1:45.140',0.045
'1:45.150',0.015
'1:45.160',-0.005
'1:45.170',-0.020
'1:45.180',-0.020
'1:45.190',-0.045
'1:45.200',-0.035
'1:45.210',-0.025
'1:45.220',-0.025
'1:45.230',-0.030
'1:45.240',-0.045
'1:45.250',-0.020
'1:45.260',-0.040
'1:45.270',-0.015
'1:45.280',-0.055
'1:45.290',-0.080
'1:45.300',-0.075
'1:45.310',-0.075
'1:45.320',-0.080
'1:45.330',-0.065
'1:45.340',-0.085
'1:45.350',-0.060
'1:45.360',-0.105
'1:45.370',-0.115
'1:45.380',-0.080
'1:45.390',-0.090
'1:45.400',-0.125
'1:45.410',-0.095
'1:45.420',-0.070
'1:45.430',-0.025
'1:45.440',0.035
'1:45.450',0.010
'1:45.460',0.120
'1:45.470',0.185
'1:45.480',0.125
'1:45.490',0.055
'1:45.500',-0.010
'1:45.510',-0.045
'1:45.520',-0.145
'1:45.530',-0.190
'1:45.540',-0.190
'1:45.550',-0.220
'1:45.560',-0.195
'1:45.570',-0.230
'1:45.580',0.035
'1:45.590',0.795
'1:45.600',1.405
'1:45.610',0.840
'1:45.620',-0.320
'1:45.630',-0.785
'1:45.640',-0.580
'1:45.650',-0.280
'1:45.660',-0.160
'1:45.670',-0.155
'1:45.680',-0.185
'1:45.690',-0.145
'1:45.700',-0.100
'1:45.710',-0.125
'1:45.720',-0.115
'1:45.730',-0.080
'1:45.740',-0.055
'1:45.750',-0.040
'1:45.760',-0.020
'1:45.770',0.005
'1:45.780',0.045
'1:45.790',0.065
'1:45.800',0.095
'1:45.810',0.135
'1:45.820',0.175
'1:45.830',0.225
'1:45.840',0.240
'1:45.850',0.240
'1:45.860',0.260
'1:45.870',0.280
'1:45.880',0.255
'1:45.890',0.220
'1:45.900',0.195
'1:45.910',0.155
'1:45.920',0.080
'1:45.930',0.040
'1:45.940',0.020
'1:45.950',0.005
'1:45.960',0.030
'1:45.970',-0.035
'1:45.980',-0.035
'1:45.990',0.005
'1:46.000',-0.015
'1:46.010',-0.005
'1:46.020',-0.015
'1:46.030',-0.035
'1:46.040',-0.010
'1:46.050',-0.005
'1:46.060',-0.020
'1:46.070',-0.020
'1:46.080',-0.025
'1:46.090',-0.060
'1:46.100',-0.050
'1:46.110',-0.050
'1:46.120',-0.065
'1:46.130',-0.060
'1:46.140',-0.045
'1:46.150',-0.075
'1:46.160',-0.060
'1:46.170',-0.065
'1:46.180',-0.075
'1:46.190',-0.065
'1:46.200',-0.075
'1:46.210',-0.105
'1:46.220',-0.085
'1:46.230',-0.065
'1:46.240',-0.075
'1:46.250',-0.100
'1:46.260',-0.105
'1:46.270',-0.105
'1:46.280',-0.065
'1:46.290',-0.040
'1:46.300',-0.005
'1:46.310',0.035
'1:46.320',0.070
'1:46.330',0.150
'1:46.340',0.175
'1:46.350',0.070
'1:46.360',0.010
'1:46.370',-0.025
'1:46.380',-0.060
'1:46.390',-0.175
'1:46.400',-0.160
'1:46.410',-0.210
'1:46.420',-0.195
'1:46.430',-0.205
'1:46.440',-0.175
'1:46.450',0.195
'1:46.460',1.100
'1:46.470',1.620
'1:46.480',0.195
'1:46.490',-0.655
'1:46.500',-0.715
'1:46.510',-0.475
'1:46.520',-0.185
'1:46.530',-0.165
'1:46.540',-0.140
'1:46.550',-0.140
'1:46.560',-0.155
'1:46.570',-0.135
'1:46.580',-0.100
'1:46.590',-0.095
'1:46.600',-0.080
'1:46.610',-0.075
'1:46.620',-0.040
'1:46.630',-0.025
'1:46.640',0.020
'1:46.650',0.040
'1:46.660',0.080
'1:46.670',0.085
'1:46.680',0.125
'1:46.690',0.185
'1:46.700',0.200
'1:46.710',0.225
'1:46.720',0.230
'1:46.730',0.255
'1:46.740',0.265
'1:46.750',0.280
'1:46.760',0.240
'1:46.770',0.170
'1:46.780',0.155
'1:46.790',0.110
'1:46.800',0.070
'1:46.810',0.030
'1:46.820',0.000
'1:46.830',0.000
'1:46.840',0.000
'1:46.850',0.000
'1:46.860',-0.005
'1:46.870',0.000
'1:46.880',0.035
'1:46.890',0.000
'1:46.900',-0.005
'1:46.910',-0.020
'1:46.920',0.000
'1:46.930',-0.015
'1:46.940',-0.025
'1:46.950',-0.020
'1:46.960',-0.055
'1:46.970',-0.035
'1:46.980',-0.040
'1:46.990',-0.050
'1:47.000',-0.050
'1:47.010',-0.055
'1:47.020',-0.060
'1:47.030',-0.060
'1:47.040',-0.060
'1:47.050',-0.055
'1:47.060',-0.070
'1:47.070',-0.065
'1:47.080',-0.090
'1:47.090',-0.080
'1:47.100',-0.080
'1:47.110',-0.085
'1:47.120',-0.080
'1:47.130',-0.100
'1:47.140',-0.080
'1:47.150',-0.095
'1:47.160',-0.110
'1:47.170',-0.085
'1:47.180',-0.110
'1:47.190',-0.085
'1:47.200',-0.095
'1:47.210',-0.080
'1:47.220',-0.045
'1:47.230',0.000
'1:47.240',0.020
'1:47.250',0.065
'1:47.260',0.185
'1:47.270',0.145
'1:47.280',0.045
'1:47.290',-0.020
'1:47.300',-0.030
'1:47.310',-0.125
'1:47.320',-0.175
'1:47.330',-0.175
'1:47.340',-0.165
'1:47.350',-0.185
'1:47.360',-0.230
'1:47.370',0.035
'1:47.380',0.765
'1:47.390',1.395
'1:47.400',0.850
'1:47.410',-0.245
'1:47.420',-0.770
'1:47.430',-0.615
'1:47.440',-0.320
'1:47.450',-0.170
'1:47.460',-0.180
'1:47.470',-0.160
'1:47.480',-0.130
'1:47.490',-0.135
'1:47.500',-0.130
'1:47.510',-0.095
'1:47.520',-0.080
'1:47.530',-0.065
'1:47.540',-0.050
'1:47.550',-0.030
'1:47.560',0.005
'1:47.570',0.030
'1:47.580',0.040
'1:47.590',0.085
'1:47.600',0.120
'1:47.610',0.170
'1:47.620',0.190
'1:47.630',0.190
'1:47.640',0.205
'1:47.650',0.240
'1:47.660',0.250
'1:47.670',0.230
'1:47.680',0.205
'1:47.690',0.180
'1:47.700',0.150
'1:47.710',0.105
'1:47.720',0.085
'1:47.730',0.040
'1:47.740',0.015
'1:47.750',0.000
'1:47.760',0.000
'1:47.770',-0.015
'1:47.780',0.000
'1:47.790',0.000
'1:47.800',0.005
'1:47.810',0.000
'1:47.820',-0.025
'1:47.830',-0.005
'1:47.840',-0.035
'1:47.850',-0.020
'1:47.860',-0.025
'1:47.870',-0.055
'1:47.880',-0.060
'1:47.890',-0.045
'1:47.900',-0.045
'1:47.910',-0.090
'1:47.920',-0.070
'1:47.930',-0.065
'1:47.940',-0.090
'1:47.950',-0.090
'1:47.960',-0.085
'1:47.970',-0.100
'1:47.980',-0.070
'1:47.990',-0.100
'1:48.000',-0.090
'1:48.010',-0.090
'1:48.020',-0.075
'1:48.030',-0.100
'1:48.040',-0.085
'1:48.050',-0.100
'1:48.060',-0.080
'1:48.070',-0.075
'1:48.080',-0.095
'1:48.090',-0.085
'1:48.100',-0.015
'1:48.110',0.025
'1:48.120',0.045
'1:48.130',0.120
'1:48.140',0.170
'1:48.150',0.105
'1:48.160',0.040
'1:48.170',-0.045
'1:48.180',-0.035
'1:48.190',-0.160
'1:48.200',-0.195
'1:48.210',-0.190
'1:48.220',-0.180
'1:48.230',-0.220
'1:48.240',-0.250
'1:48.250',0.150
'1:48.260',1.055
'1:48.270',1.645
'1:48.280',0.380
'1:48.290',-0.565
'1:48.300',-0.750
'1:48.310',-0.540
'1:48.320',-0.230
'1:48.330',-0.160
'1:48.340',-0.135
'1:48.350',-0.155
'1:48.360',-0.145
'1:48.370',-0.125
'1:48.380',-0.100
'1:48.390',-0.090
'1:48.400',-0.075
'1:48.410',-0.050
'1:48.420',-0.025
'1:48.430',-0.020
'1:48.440',0.040
'1:48.450',0.020
'1:48.460',0.060
'1:48.470',0.095
'1:48.480',0.150
'1:48.490',0.170
'1:48.500',0.205
'1:48.510',0.225
'1:48.520',0.245
'1:48.530',0.235
'1:48.540',0.255
'1:48.550',0.255
'1:48.560',0.230
'1:48.570',0.170
'1:48.580',0.135
'1:48.590',0.080
'1:48.600',0.055
'1:48.610',0.030
'1:48.620',0.000
'1:48.630',-0.010
'1:48.640',-0.040
'1:48.650',-0.015
'1:48.660',-0.020
'1:48.670',-0.010
'1:48.680',-0.015
'1:48.690',-0.015
'1:48.700',0.005
'1:48.710',-0.005
'1:48.720',-0.020
'1:48.730',-0.015
'1:48.740',-0.040
'1:48.750',-0.035
'1:48.760',-0.055
'1:48.770',-0.075
'1:48.780',-0.060
'1:48.790',-0.065
'1:48.800',-0.090
'1:48.810',-0.085
'1:48.820',-0.085
'1:48.830',-0.070
'1:48.840',-0.095
'1:48.850',-0.085
'1:48.860',-0.085
'1:48.870',-0.090
'1:48.880',-0.080
'1:48.890',-0.085
'1:48.900',-0.080
'1:48.910',-0.090
'1:48.920',-0.075
'1:48.930',-0.095
'1:48.940',-0.080
'1:48.950',-0.020
'1:48.960',0.045
'1:48.970',0.045
'1:48.980',0.100
'1:48.990',0.205
'1:49.000',0.110
'1:49.010',0.020
'1:49.020',-0.035
'1:49.030',-0.055
'1:49.040',-0.135
'1:49.050',-0.190
'1:49.060',-0.200
'1:49.070',-0.215
'1:49.080',-0.185
'1:49.090',-0.260
'1:49.100',0.030
'1:49.110',0.785
'1:49.120',1.475
'1:49.130',0.965
'1:49.140',-0.300
'1:49.150',-0.785
'1:49.160',-0.540
'1:49.170',-0.285
'1:49.180',-0.165
'1:49.190',-0.170
'1:49.200',-0.145
'1:49.210',-0.145
'1:49.220',-0.120
'1:49.230',-0.140
'1:49.240',-0.125
'1:49.250',-0.085
'1:49.260',-0.070
'1:49.270',-0.045
'1:49.280',-0.035
'1:49.290',-0.015
'1:49.300',0.015
'1:49.310',0.055
'1:49.320',0.100
'1:49.330',0.145
'1:49.340',0.160
'1:49.350',0.220
'1:49.360',0.220
'1:49.370',0.230
'1:49.380',0.235
'1:49.390',0.275
'1:49.400',0.230
'1:49.410',0.230
'1:49.420',0.180
'1:49.430',0.135
'1:49.440',0.085
'1:49.450',0.035
'1:49.460',0.015
'1:49.470',-0.010
'1:49.480',-0.010
'1:49.490',-0.035
'1:49.500',-0.010
'1:49.510',-0.030
'1:49.520',-0.050
'1:49.530',-0.040
'1:49.540',-0.015
'1:49.550',-0.025
'1:49.560',-0.005
'1:49.570',-0.030
'1:49.580',-0.020
'1:49.590',-0.040
'1:49.600',-0.045
'1:49.610',-0.045
'1:49.620',-0.065
'1:49.630',-0.045
'1:49.640',-0.070
'1:49.650',-0.070
'1:49.660',-0.070
'1:49.670',-0.085
'1:49.680',-0.070
'1:49.690',-0.075
'1:49.700',-0.115
'1:49.710',-0.070
'1:49.720',-0.080
'1:49.730',-0.130
'1:49.740',-0.095
'1:49.750',-0.095
'1:49.760',-0.085
'1:49.770',-0.100
'1:49.780',-0.055
'1:49.790',0.005
'1:49.800',0.030
'1:49.810',0.080
'1:49.820',0.200
'1:49.830',0.135
'1:49.840',0.030
'1:49.850',-0.010
'1:49.860',-0.050
'1:49.870',-0.145
'1:49.880',-0.185
'1:49.890',-0.195
'1:49.900',-0.195
'1:49.910',-0.200
'1:49.920',-0.245
'1:49.930',0.010
'1:49.940',0.760
'1:49.950',1.385
'1:49.960',0.930
'1:49.970',-0.225
'1:49.980',-0.820
'1:49.990',-0.635
'1:50.000',-0.345
'1:50.010',-0.135
'1:50.020',-0.165
'1:50.030',-0.155
'1:50.040',-0.155
'1:50.050',-0.130
'1:50.060',-0.135
'1:50.070',-0.085
'1:50.080',-0.055
'1:50.090',-0.070
'1:50.100',-0.045
'1:50.110',-0.015
'1:50.120',0.000
'1:50.130',0.035
'1:50.140',0.075
'1:50.150',0.090
'1:50.160',0.120
'1:50.170',0.145
'1:50.180',0.200
'1:50.190',0.245
'1:50.200',0.225
'1:50.210',0.255
'1:50.220',0.280
'1:50.230',0.250
'1:50.240',0.220
'1:50.250',0.200
'1:50.260',0.135
'1:50.270',0.085
'1:50.280',0.045
'1:50.290',0.020
'1:50.300',-0.015
'1:50.310',-0.035
'1:50.320',-0.020
'1:50.330',-0.045
'1:50.340',-0.020
'1:50.350',-0.035
'1:50.360',-0.040
'1:50.370',-0.050
'1:50.380',-0.045
'1:50.390',-0.015
'1:50.400',-0.045
'1:50.410',-0.055
'1:50.420',-0.040
'1:50.430',-0.060
'1:50.440',-0.050
'1:50.450',-0.060
'1:50.460',-0.080
'1:50.470',-0.085
'1:50.480',-0.070
'1:50.490',-0.090
'1:50.500',-0.080
'1:50.510',-0.105
'1:50.520',-0.095
'1:50.530',-0.100
'1:50.540',-0.100
'1:50.550',-0.120
'1:50.560',-0.075
'1:50.570',-0.115
'1:50.580',-0.105
'1:50.590',-0.100
'1:50.600',-0.110
'1:50.610',-0.110
'1:50.620',-0.110
'1:50.630',-0.060
'1:50.640',0.005
'1:50.650',0.015
'1:50.660',0.050
'1:50.670',0.170
'1:50.680',0.145
'1:50.690',0.050
'1:50.700',-0.015
'1:50.710',-0.015
'1:50.720',-0.125
'1:50.730',-0.200
'1:50.740',-0.200
'1:50.750',-0.205
'1:50.760',-0.190
'1:50.770',-0.240
'1:50.780',-0.045
'1:50.790',0.570
'1:50.800',1.330
'1:50.810',1.275
'1:50.820',-0.115
'1:50.830',-0.805
'1:50.840',-0.680
'1:50.850',-0.375
'1:50.860',-0.170
'1:50.870',-0.135
'1:50.880',-0.160
'1:50.890',-0.150
'1:50.900',-0.140
'1:50.910',-0.120
'1:50.920',-0.085
'1:50.930',-0.110
'1:50.940',-0.050
'1:50.950',-0.040
'1:50.960',0.000
'1:50.970',0.000
'1:50.980',0.045
'1:50.990',0.060
'1:51.000',0.080
'1:51.010',0.135
'1:51.020',0.170
'1:51.030',0.200
'1:51.040',0.250
'1:51.050',0.270
'1:51.060',0.265
'1:51.070',0.260
'1:51.080',0.275
'1:51.090',0.265
'1:51.100',0.215
'1:51.110',0.170
'1:51.120',0.125
'1:51.130',0.075
'1:51.140',0.050
'1:51.150',0.035
'1:51.160',0.020
'1:51.170',-0.010
'1:51.180',-0.025
'1:51.190',-0.020
'1:51.200',0.000
'1:51.210',0.010
'1:51.220',0.005
'1:51.230',-0.005
'1:51.240',0.005
'1:51.250',0.010
'1:51.260',0.000
'1:51.270',-0.015
'1:51.280',-0.045
'1:51.290',-0.035
'1:51.300',-0.035
'1:51.310',-0.020
'1:51.320',-0.055
'1:51.330',-0.035
'1:51.340',-0.035
'1:51.350',-0.055
'1:51.360',-0.060
'1:51.370',-0.090
'1:51.380',-0.070
'1:51.390',-0.065
'1:51.400',-0.055
'1:51.410',-0.055
'1:51.420',-0.075
'1:51.430',-0.075
'1:51.440',-0.070
'1:51.450',-0.055
'1:51.460',-0.070
'1:51.470',-0.100
'1:51.480',-0.085
'1:51.490',-0.075
'1:51.500',-0.075
'1:51.510',-0.055
'1:51.520',-0.090
'1:51.530',-0.090
'1:51.540',-0.055
'1:51.550',-0.015
'1:51.560',0.055
'1:51.570',0.050
'1:51.580',0.085
'1:51.590',0.190
'1:51.600',0.160
'1:51.610',0.065
'1:51.620',-0.015
'1:51.630',-0.015
'1:51.640',-0.115
'1:51.650',-0.170
'1:51.660',-0.180
'1:51.670',-0.180
'1:51.680',-0.155
'1:51.690',-0.220
'1:51.700',0.055
'1:51.710',0.825
'1:51.720',1.530
'1:51.730',0.960
'1:51.740',-0.285
'1:51.750',-0.765
'1:51.760',-0.540
'1:51.770',-0.260
'1:51.780',-0.140
'1:51.790',-0.140
'1:51.800',-0.125
'1:51.810',-0.135
'1:51.820',-0.125
'1:51.830',-0.105
'1:51.840',-0.095
'1:51.850',-0.075
'1:51.860',-0.045
'1:51.870',-0.030
'1:51.880',-0.015
'1:51.890',0.005
'1:51.900',0.030
'1:51.910',0.080
'1:51.920',0.120
'1:51.930',0.135
'1:51.940',0.160
'1:51.950',0.215
'1:51.960',0.255
'1:51.970',0.245
'1:51.980',0.260
'1:51.990',0.285
'1:52.000',0.280
'1:52.010',0.240
'1:52.020',0.190
'1:52.030',0.160
'1:52.040',0.125
'1:52.050',0.085
'1:52.060',0.040
'1:52.070',0.005
'1:52.080',0.010
'1:52.090',0.000
'1:52.100',0.000
'1:52.110',0.015
'1:52.120',0.015
'1:52.130',0.020
'1:52.140',0.015
'1:52.150',0.010
'1:52.160',0.010
'1:52.170',0.010
'1:52.180',0.000
'1:52.190',0.000
'1:52.200',0.000
'1:52.210',-0.030
'1:52.220',-0.040
'1:52.230',-0.040
'1:52.240',-0.025
'1:52.250',-0.035
'1:52.260',-0.055
'1:52.270',-0.055
'1:52.280',-0.055
'1:52.290',-0.045
'1:52.300',-0.070
'1:52.310',-0.065
'1:52.320',-0.060
'1:52.330',-0.060
'1:52.340',-0.090
'1:52.350',-0.075
'1:52.360',-0.080
'1:52.370',-0.070
'1:52.380',-0.070
'1:52.390',-0.060
'1:52.400',-0.080
'1:52.410',-0.085
'1:52.420',-0.115
'1:52.430',-0.090
'1:52.440',-0.100
'1:52.450',-0.090
'1:52.460',-0.105
'1:52.470',-0.095
'1:52.480',-0.080
'1:52.490',-0.020
'1:52.500',0.025
'1:52.510',0.035
'1:52.520',0.155
'1:52.530',0.155
'1:52.540',0.080
'1:52.550',0.010
'1:52.560',-0.050
'1:52.570',-0.065
'1:52.580',-0.170
'1:52.590',-0.180
'1:52.600',-0.200
'1:52.610',-0.195
'1:52.620',-0.220
'1:52.630',-0.195
'1:52.640',0.210
'1:52.650',1.145
'1:52.660',1.735
'1:52.670',0.235
'1:52.680',-0.665
'1:52.690',-0.645
'1:52.700',-0.395
'1:52.710',-0.150
'1:52.720',-0.175
'1:52.730',-0.160
'1:52.740',-0.170
'1:52.750',-0.135
'1:52.760',-0.140
'1:52.770',-0.120
'1:52.780',-0.130
'1:52.790',-0.085
'1:52.800',-0.085
'1:52.810',-0.045
'1:52.820',-0.020
'1:52.830',0.015
'1:52.840',0.020
'1:52.850',0.065
'1:52.860',0.090
'1:52.870',0.130
'1:52.880',0.185
'1:52.890',0.215
'1:52.900',0.230
'1:52.910',0.255
'1:52.920',0.255
'1:52.930',0.265
'1:52.940',0.260
'1:52.950',0.245
'1:52.960',0.200
'1:52.970',0.160
'1:52.980',0.085
'1:52.990',0.045
'1:53.000',0.020
'1:53.010',0.025
'1:53.020',-0.010
'1:53.030',-0.025
'1:53.040',-0.025
'1:53.050',-0.015
'1:53.060',-0.010
